,count,count_of_count,percent
0,1798,1,2.800654456933496e-05
1,1269,1,2.800654456933496e-05
2,652,3,8.401963370800488e-05
3,273,58,0.001624379585021428
4,51,2642,0.07399329075218297
5,951,1,2.800654456933496e-05
6,839,3,8.401963370800488e-05
7,70,1414,0.03960125402103964
8,350,24,0.000672157069664039
9,758,2,5.601308913866992e-05
10,539,4,0.00011202617827733985
11,1108,1,2.800654456933496e-05
12,1128,1,2.800654456933496e-05
13,278,56,0.0015683664958827579
14,2614,1,2.800654456933496e-05
15,1136,2,5.601308913866992e-05
16,946,3,8.401963370800488e-05
17,176,198,0.0055452958247283225
18,576,4,0.00011202617827733985
19,1003,2,5.601308913866992e-05
20,292,54,0.001512353406744088
21,929,3,8.401963370800488e-05
22,663,4,0.00011202617827733985
23,1307,1,2.800654456933496e-05
24,770,4,0.00011202617827733985
25,271,38,0.0010642486936347287
26,22,16639,0.4660008950891644
27,1493,2,5.601308913866992e-05
28,417,10,0.0002800654456933496
29,556,1,2.800654456933496e-05
30,764,3,8.401963370800488e-05
31,1175,1,2.800654456933496e-05
32,529,7,0.00019604581198534474
33,1268,1,2.800654456933496e-05
34,638,4,0.00011202617827733985
35,791,1,2.800654456933496e-05
36,940,2,5.601308913866992e-05
37,390,16,0.0004481047131093594
38,173,166,0.004649086398509604
39,1018,1,2.800654456933496e-05
40,42,7777,0.217806897115718
41,1263,2,5.601308913866992e-05
42,189,135,0.0037808835168602196
43,876,3,8.401963370800488e-05
44,161,171,0.004789119121356279
45,113,461,0.012911017046463419
46,632,4,0.00011202617827733985
47,658,2,5.601308913866992e-05
48,120,406,0.011370657095149995
49,578,5,0.0001400327228466748
50,802,1,2.800654456933496e-05
51,695,4,0.00011202617827733985
52,815,2,5.601308913866992e-05
53,1422,1,2.800654456933496e-05
54,440,11,0.0003080719902626846
55,794,2,5.601308913866992e-05
56,57,2055,0.05755344908998334
57,19,16942,0.47448687809367296
58,160,213,0.005965393993268347
59,644,6,0.00016803926741600975
60,824,1,2.800654456933496e-05
61,1368,1,2.800654456933496e-05
62,508,9,0.00025205890112401465
63,1194,1,2.800654456933496e-05
64,357,20,0.0005601308913866992
65,1143,2,5.601308913866992e-05
66,769,2,5.601308913866992e-05
67,266,57,0.001596373040452093
68,1550,1,2.800654456933496e-05
69,315,30,0.000840196337080049
70,1162,2,5.601308913866992e-05
71,366,28,0.0007841832479413789
72,307,30,0.000840196337080049
73,4154,1,2.800654456933496e-05
74,1030,1,2.800654456933496e-05
75,91,777,0.021761085130373267
76,803,2,5.601308913866992e-05
77,305,41,0.0011482683273427335
78,54,2528,0.07080054467127878
79,181,166,0.004649086398509604
80,1312,1,2.800654456933496e-05
81,743,2,5.601308913866992e-05
82,1484,1,2.800654456933496e-05
83,10,52722,1.476561042784478
84,35,5327,0.14919086292084735
85,963,1,2.800654456933496e-05
86,220,100,0.0028006544569334963
87,1278,1,2.800654456933496e-05
88,823,1,2.800654456933496e-05
89,822,1,2.800654456933496e-05
90,400,20,0.0005601308913866992
91,1118,1,2.800654456933496e-05
92,1025,1,2.800654456933496e-05
93,241,89,0.0024925824666708115
94,175,153,0.0042850013191082495
95,596,6,0.00016803926741600975
96,285,40,0.0011202617827733984
97,50,2945,0.08247927375669147
98,13,29671,0.8309821839167376
99,1266,1,2.800654456933496e-05
100,391,27,0.000756176703372044
101,487,8,0.0002240523565546797
102,2,738666,20.68748225085238
103,699,3,8.401963370800488e-05
104,246,75,0.0021004908427001224
105,75,1173,0.03285167677982991
106,1664,1,2.800654456933496e-05
107,1190,1,2.800654456933496e-05
108,128,360,0.010082356044960586
109,714,4,0.00011202617827733985
110,2296,1,2.800654456933496e-05
111,344,27,0.000756176703372044
112,906,1,2.800654456933496e-05
113,909,2,5.601308913866992e-05
114,745,3,8.401963370800488e-05
115,534,6,0.00016803926741600975
116,152,221,0.006189446349823026
117,1216,1,2.800654456933496e-05
118,1049,1,2.800654456933496e-05
119,428,15,0.0004200981685400245
120,1967,1,2.800654456933496e-05
121,637,6,0.00016803926741600975
122,355,26,0.000728170158802709
123,222,84,0.0023525497438241366
124,1006,2,5.601308913866992e-05
125,777,2,5.601308913866992e-05
126,164,205,0.0057413416367136675
127,922,3,8.401963370800488e-05
128,453,9,0.00025205890112401465
129,787,2,5.601308913866992e-05
130,186,135,0.0037808835168602196
131,501,9,0.00025205890112401465
132,750,1,2.800654456933496e-05
133,545,6,0.00016803926741600975
134,182,153,0.0042850013191082495
135,977,2,5.601308913866992e-05
136,18,20491,0.5738821047702427
137,528,11,0.0003080719902626846
138,1900,1,2.800654456933496e-05
139,27,8846,0.24774589326033708
140,811,1,2.800654456933496e-05
141,563,8,0.0002240523565546797
142,143,250,0.00700163614233374
143,496,9,0.00025205890112401465
144,58,2114,0.059205835219574114
145,228,81,0.002268530110116132
146,667,6,0.00016803926741600975
147,668,7,0.00019604581198534474
148,850,1,2.800654456933496e-05
149,294,35,0.0009802290599267237
150,481,8,0.0002240523565546797
151,926,1,2.800654456933496e-05
152,645,2,5.601308913866992e-05
153,1009,1,2.800654456933496e-05
154,607,4,0.00011202617827733985
155,438,10,0.0002800654456933496
156,382,18,0.0005041178022480293
157,258,56,0.0015683664958827579
158,853,2,5.601308913866992e-05
159,378,29,0.000812189792510714
160,483,11,0.0003080719902626846
161,1349,1,2.800654456933496e-05
162,1050,1,2.800654456933496e-05
163,84,1223,0.03425200400829666
164,799,2,5.601308913866992e-05
165,276,49,0.001372320683897413
166,646,3,8.401963370800488e-05
167,1044,1,2.800654456933496e-05
168,379,19,0.0005321243468173644
169,320,33,0.0009242159707880537
170,1062,1,2.800654456933496e-05
171,942,1,2.800654456933496e-05
172,115,438,0.012266866521368713
173,97,621,0.017392064177557013
174,108,543,0.015207553701148884
175,59,1984,0.05556498442556056
176,589,4,0.00011202617827733985
177,127,324,0.009074120440464527
178,1285,1,2.800654456933496e-05
179,1167,1,2.800654456933496e-05
180,555,8,0.0002240523565546797
181,682,1,2.800654456933496e-05
182,567,4,0.00011202617827733985
183,329,33,0.0009242159707880537
184,44,4542,0.12720572543391942
185,1144,1,2.800654456933496e-05
186,816,2,5.601308913866992e-05
187,676,7,0.00019604581198534474
188,153,225,0.006301472528100366
189,1022,1,2.800654456933496e-05
190,507,5,0.0001400327228466748
191,778,1,2.800654456933496e-05
192,944,1,2.800654456933496e-05
193,214,109,0.003052713358057511
194,847,1,2.800654456933496e-05
195,419,13,0.0003640850794013545
196,1336,1,2.800654456933496e-05
197,664,1,2.800654456933496e-05
198,2218,1,2.800654456933496e-05
199,551,6,0.00016803926741600975
200,532,6,0.00016803926741600975
201,945,2,5.601308913866992e-05
202,948,2,5.601308913866992e-05
203,95,685,0.019184483029994447
204,2540,1,2.800654456933496e-05
205,259,50,0.0014003272284667482
206,519,5,0.0001400327228466748
207,965,1,2.800654456933496e-05
208,172,155,0.00434101440824692
209,409,17,0.00047611125767869434
210,840,3,8.401963370800488e-05
211,30,8038,0.22511660524831442
212,521,3,8.401963370800488e-05
213,3,276326,7.738936434666052
214,324,30,0.000840196337080049
215,981,3,8.401963370800488e-05
216,921,2,5.601308913866992e-05
217,249,65,0.0018204253970067724
218,255,60,0.001680392674160098
219,1217,1,2.800654456933496e-05
220,639,5,0.0001400327228466748
221,296,42,0.0011762748719120683
222,209,111,0.003108726447196181
223,74,1233,0.03453206945399001
224,937,2,5.601308913866992e-05
225,868,2,5.601308913866992e-05
226,138,301,0.008429969915369824
227,34,6249,0.17501289701377418
228,418,20,0.0005601308913866992
229,1524,1,2.800654456933496e-05
230,947,1,2.800654456933496e-05
231,972,1,2.800654456933496e-05
232,761,4,0.00011202617827733985
233,407,10,0.0002800654456933496
234,1084,1,2.800654456933496e-05
235,90,849,0.02377755633936538
236,387,15,0.0004200981685400245
237,443,9,0.00025205890112401465
238,39,4464,0.12502121495751126
239,690,3,8.401963370800488e-05
240,526,6,0.00016803926741600975
241,1209,1,2.800654456933496e-05
242,393,25,0.0007001636142333741
243,524,7,0.00019604581198534474
244,312,42,0.0011762748719120683
245,1151,1,2.800654456933496e-05
246,498,7,0.00019604581198534474
247,1569,1,2.800654456933496e-05
248,862,4,0.00011202617827733985
249,1185,2,5.601308913866992e-05
250,494,7,0.00019604581198534474
251,469,14,0.00039209162397068947
252,683,5,0.0001400327228466748
253,118,421,0.011790755263690018
254,608,3,8.401963370800488e-05
255,793,5,0.0001400327228466748
256,317,34,0.0009522225153573887
257,1793,1,2.800654456933496e-05
258,702,2,5.601308913866992e-05
259,488,6,0.00016803926741600975
260,1048,1,2.800654456933496e-05
261,1101,1,2.800654456933496e-05
262,126,400,0.011202617827733985
263,194,132,0.003696863883152215
264,360,21,0.0005881374359560342
265,463,9,0.00025205890112401465
266,476,8,0.0002240523565546797
267,99,600,0.01680392674160098
268,883,1,2.800654456933496e-05
269,629,4,0.00011202617827733985
270,726,3,8.401963370800488e-05
271,374,22,0.0006161439805253692
272,1146,2,5.601308913866992e-05
273,224,68,0.0019044450307147773
274,756,3,8.401963370800488e-05
275,318,33,0.0009242159707880537
276,2224,1,2.800654456933496e-05
277,647,2,5.601308913866992e-05
278,442,12,0.0003360785348320195
279,354,24,0.000672157069664039
280,593,3,8.401963370800488e-05
281,12,39146,1.0963441937111864
282,479,7,0.00019604581198534474
283,293,48,0.001344314139328078
284,495,15,0.0004200981685400245
285,154,215,0.006021407082407017
286,657,2,5.601308913866992e-05
287,234,76,0.0021284973872694574
288,1306,1,2.800654456933496e-05
289,474,11,0.0003080719902626846
290,899,1,2.800654456933496e-05
291,748,2,5.601308913866992e-05
292,675,1,2.800654456933496e-05
293,696,3,8.401963370800488e-05
294,969,1,2.800654456933496e-05
295,264,55,0.001540359951313423
296,270,52,0.001456340317605418
297,898,1,2.800654456933496e-05
298,435,13,0.0003640850794013545
299,384,27,0.000756176703372044
300,1145,2,5.601308913866992e-05
301,351,32,0.0008962094262187188
302,116,424,0.011874774897398023
303,1974,1,2.800654456933496e-05
304,732,2,5.601308913866992e-05
305,1977,1,2.800654456933496e-05
306,826,3,8.401963370800488e-05
307,431,16,0.0004481047131093594
308,911,1,2.800654456933496e-05
309,462,12,0.0003360785348320195
310,491,10,0.0002800654456933496
311,855,2,5.601308913866992e-05
312,1272,1,2.800654456933496e-05
313,436,16,0.0004481047131093594
314,180,161,0.004509053675662929
315,967,1,2.800654456933496e-05
316,626,5,0.0001400327228466748
317,263,60,0.001680392674160098
318,784,5,0.0001400327228466748
319,711,4,0.00011202617827733985
320,470,15,0.0004200981685400245
321,838,1,2.800654456933496e-05
322,1036,1,2.800654456933496e-05
323,2817,1,2.800654456933496e-05
324,478,7,0.00019604581198534474
325,149,236,0.0066095445183630515
326,577,6,0.00016803926741600975
327,505,6,0.00016803926741600975
328,280,52,0.001456340317605418
329,1928,1,2.800654456933496e-05
330,88,854,0.023917589062212058
331,188,127,0.00355683116030554
332,461,15,0.0004200981685400245
333,240,67,0.0018764384861454425
334,1057,1,2.800654456933496e-05
335,328,25,0.0007001636142333741
336,717,6,0.00016803926741600975
337,525,5,0.0001400327228466748
338,634,7,0.00019604581198534474
339,1046,2,5.601308913866992e-05
340,650,2,5.601308913866992e-05
341,703,1,2.800654456933496e-05
342,226,70,0.0019604581198534475
343,210,104,0.002912680635210836
344,843,2,5.601308913866992e-05
345,1161,1,2.800654456933496e-05
346,710,6,0.00016803926741600975
347,48,3363,0.09418600938667349
348,447,15,0.0004200981685400245
349,298,43,0.0012042814164814034
350,81,1004,0.0281185707476123
351,1661,2,5.601308913866992e-05
352,954,3,8.401963370800488e-05
353,1639,1,2.800654456933496e-05
354,800,6,0.00016803926741600975
355,204,96,0.002688628278656156
356,5,127387,3.567669693053873
357,1165,1,2.800654456933496e-05
358,456,7,0.00019604581198534474
359,796,4,0.00011202617827733985
360,531,9,0.00025205890112401465
361,283,43,0.0012042814164814034
362,1409,1,2.800654456933496e-05
363,807,1,2.800654456933496e-05
364,624,3,8.401963370800488e-05
365,546,5,0.0001400327228466748
366,297,41,0.0011482683273427335
367,681,2,5.601308913866992e-05
368,361,24,0.000672157069664039
369,1173,2,5.601308913866992e-05
370,303,39,0.0010922552382040636
371,1261,2,5.601308913866992e-05
372,974,1,2.800654456933496e-05
373,829,1,2.800654456933496e-05
374,2395,1,2.800654456933496e-05
375,785,1,2.800654456933496e-05
376,643,2,5.601308913866992e-05
377,472,9,0.00025205890112401465
378,444,17,0.00047611125767869434
379,537,8,0.0002240523565546797
380,233,96,0.002688628278656156
381,1149,1,2.800654456933496e-05
382,2570,1,2.800654456933496e-05
383,93,717,0.02008069245621317
384,89,792,0.02218118329891329
385,373,15,0.0004200981685400245
386,252,56,0.0015683664958827579
387,343,16,0.0004481047131093594
388,31,6509,0.18229459860180128
389,723,2,5.601308913866992e-05
390,497,17,0.00047611125767869434
391,1086,1,2.800654456933496e-05
392,884,1,2.800654456933496e-05
393,2668,1,2.800654456933496e-05
394,155,214,0.005993400537837682
395,722,2,5.601308913866992e-05
396,609,3,8.401963370800488e-05
397,953,1,2.800654456933496e-05
398,416,18,0.0005041178022480293
399,195,147,0.00411696205169224
400,1137,1,2.800654456933496e-05
401,1097,1,2.800654456933496e-05
402,199,127,0.00355683116030554
403,369,20,0.0005601308913866992
404,441,12,0.0003360785348320195
405,243,83,0.002324543199254802
406,902,1,2.800654456933496e-05
407,1309,1,2.800654456933496e-05
408,740,4,0.00011202617827733985
409,892,2,5.601308913866992e-05
410,856,1,2.800654456933496e-05
411,1083,1,2.800654456933496e-05
412,230,88,0.002464575922101477
413,503,12,0.0003360785348320195
414,1663,1,2.800654456933496e-05
415,78,1139,0.03189945426447252
416,573,1,2.800654456933496e-05
417,994,1,2.800654456933496e-05
418,852,2,5.601308913866992e-05
419,250,69,0.0019324515752841124
420,611,10,0.0002800654456933496
421,621,1,2.800654456933496e-05
422,865,6,0.00016803926741600975
423,1382,1,2.800654456933496e-05
424,1206,1,2.800654456933496e-05
425,962,1,2.800654456933496e-05
426,106,614,0.017196018365571667
427,1010,2,5.601308913866992e-05
428,178,160,0.004481047131093594
429,585,6,0.00016803926741600975
430,8,74481,2.0859554460686374
431,934,1,2.800654456933496e-05
432,908,1,2.800654456933496e-05
433,708,2,5.601308913866992e-05
434,455,6,0.00016803926741600975
435,370,25,0.0007001636142333741
436,684,3,8.401963370800488e-05
437,713,2,5.601308913866992e-05
438,1156,2,5.601308913866992e-05
439,448,12,0.0003360785348320195
440,930,3,8.401963370800488e-05
441,396,19,0.0005321243468173644
442,701,2,5.601308913866992e-05
443,132,341,0.009550231698143223
444,514,7,0.00019604581198534474
445,322,30,0.000840196337080049
446,854,3,8.401963370800488e-05
447,389,18,0.0005041178022480293
448,863,1,2.800654456933496e-05
449,114,492,0.0137792199281128
450,60,2038,0.05707733783230465
451,1052,1,2.800654456933496e-05
452,754,4,0.00011202617827733985
453,518,7,0.00019604581198534474
454,289,54,0.001512353406744088
455,583,4,0.00011202617827733985
456,65,1650,0.04621079853940269
457,1202,1,2.800654456933496e-05
458,693,1,2.800654456933496e-05
459,98,701,0.019632587743103808
460,744,3,8.401963370800488e-05
461,715,1,2.800654456933496e-05
462,490,5,0.0001400327228466748
463,527,12,0.0003360785348320195
464,235,71,0.0019884646644227825
465,1132,2,5.601308913866992e-05
466,4877,1,2.800654456933496e-05
467,627,4,0.00011202617827733985
468,763,3,8.401963370800488e-05
469,119,379,0.010614480391777951
470,306,32,0.0008962094262187188
471,286,46,0.0012883010501894083
472,376,16,0.0004481047131093594
473,147,268,0.00750575394458177
474,480,5,0.0001400327228466748
475,338,25,0.0007001636142333741
476,1066,1,2.800654456933496e-05
477,358,36,0.0010082356044960586
478,412,20,0.0005601308913866992
479,26,10612,0.2972054509697826
480,564,2,5.601308913866992e-05
481,535,9,0.00025205890112401465
482,72,1301,0.036436514484704786
483,1159,1,2.800654456933496e-05
484,1168,2,5.601308913866992e-05
485,1260,1,2.800654456933496e-05
486,642,4,0.00011202617827733985
487,232,83,0.002324543199254802
488,77,1101,0.03083520557083779
489,725,4,0.00011202617827733985
490,131,332,0.009298172797019208
491,310,39,0.0010922552382040636
492,37,4800,0.13443141393280783
493,832,2,5.601308913866992e-05
494,907,3,8.401963370800488e-05
495,1001,2,5.601308913866992e-05
496,584,7,0.00019604581198534474
497,746,2,5.601308913866992e-05
498,1469,1,2.800654456933496e-05
499,806,1,2.800654456933496e-05
500,353,18,0.0005041178022480293
501,939,2,5.601308913866992e-05
502,834,1,2.800654456933496e-05
503,831,1,2.800654456933496e-05
504,813,1,2.800654456933496e-05
505,2861,1,2.800654456933496e-05
506,1863,1,2.800654456933496e-05
507,574,9,0.00025205890112401465
508,1335,1,2.800654456933496e-05
509,225,79,0.0022125170209774617
510,333,24,0.000672157069664039
511,174,159,0.004453040586524259
512,45,3603,0.10090758008331387
513,134,323,0.009046113895895193
514,918,4,0.00011202617827733985
515,1241,1,2.800654456933496e-05
516,36,5775,0.1617377948879094
517,848,1,2.800654456933496e-05
518,1303,1,2.800654456933496e-05
519,430,9,0.00025205890112401465
520,102,614,0.017196018365571667
521,158,212,0.005937387448699012
522,533,6,0.00016803926741600975
523,915,1,2.800654456933496e-05
524,459,12,0.0003360785348320195
525,207,116,0.003248759170042856
526,123,402,0.011258630916872655
527,2103,1,2.800654456933496e-05
528,871,5,0.0001400327228466748
529,881,2,5.601308913866992e-05
530,385,18,0.0005041178022480293
531,1410,1,2.800654456933496e-05
532,492,9,0.00025205890112401465
533,544,7,0.00019604581198534474
534,1631,1,2.800654456933496e-05
535,365,24,0.000672157069664039
536,2120,1,2.800654456933496e-05
537,704,2,5.601308913866992e-05
538,2163,1,2.800654456933496e-05
539,157,214,0.005993400537837682
540,606,5,0.0001400327228466748
541,618,4,0.00011202617827733985
542,308,40,0.0011202617827733984
543,1072,1,2.800654456933496e-05
544,313,37,0.0010362421490653936
545,140,252,0.00705764923147241
546,137,290,0.00812189792510714
547,248,69,0.0019324515752841124
548,208,98,0.002744641367794826
549,614,7,0.00019604581198534474
550,392,13,0.0003640850794013545
551,24,12874,0.36055625478561826
552,191,147,0.00411696205169224
553,966,3,8.401963370800488e-05
554,760,3,8.401963370800488e-05
555,94,732,0.02050079062475319
556,1055,1,2.800654456933496e-05
557,218,89,0.0024925824666708115
558,49,2813,0.07878240987353925
559,671,3,8.401963370800488e-05
560,580,6,0.00016803926741600975
561,742,2,5.601308913866992e-05
562,912,4,0.00011202617827733985
563,1478,2,5.601308913866992e-05
564,846,3,8.401963370800488e-05
565,938,1,2.800654456933496e-05
566,1037,1,2.800654456933496e-05
567,1158,1,2.800654456933496e-05
568,184,136,0.0038088900614295547
569,87,925,0.02590605372663484
570,753,6,0.00016803926741600975
571,477,7,0.00019604581198534474
572,550,10,0.0002800654456933496
573,394,11,0.0003080719902626846
574,272,56,0.0015683664958827579
575,781,1,2.800654456933496e-05
576,1437,1,2.800654456933496e-05
577,1362,1,2.800654456933496e-05
578,867,1,2.800654456933496e-05
579,190,130,0.0036408507940135447
580,858,5,0.0001400327228466748
581,554,7,0.00019604581198534474
582,406,12,0.0003360785348320195
583,424,16,0.0004481047131093594
584,670,2,5.601308913866992e-05
585,2075,1,2.800654456933496e-05
586,1933,1,2.800654456933496e-05
587,309,36,0.0010082356044960586
588,1612,1,2.800654456933496e-05
589,2228,1,2.800654456933496e-05
590,1573,2,5.601308913866992e-05
591,509,11,0.0003080719902626846
592,1348,1,2.800654456933496e-05
593,919,2,5.601308913866992e-05
594,156,219,0.006133433260684357
595,932,1,2.800654456933496e-05
596,1096,1,2.800654456933496e-05
597,641,5,0.0001400327228466748
598,475,16,0.0004481047131093594
599,961,2,5.601308913866992e-05
600,888,1,2.800654456933496e-05
601,1433,1,2.800654456933496e-05
602,282,51,0.001428333773036083
603,1604,1,2.800654456933496e-05
604,733,2,5.601308913866992e-05
605,269,48,0.001344314139328078
606,261,58,0.001624379585021428
607,502,9,0.00025205890112401465
608,117,392,0.010978565471179305
609,257,60,0.001680392674160098
610,125,358,0.010026342955821917
611,40,5314,0.148826777841446
612,700,6,0.00016803926741600975
613,2657,1,2.800654456933496e-05
614,43,4292,0.12020408929158566
615,587,8,0.0002240523565546797
616,3191,1,2.800654456933496e-05
617,1444,1,2.800654456933496e-05
618,349,28,0.0007841832479413789
619,187,152,0.004256994774538915
620,1519,1,2.800654456933496e-05
621,914,1,2.800654456933496e-05
622,728,3,8.401963370800488e-05
623,506,12,0.0003360785348320195
624,2065,1,2.800654456933496e-05
625,242,71,0.0019884646644227825
626,331,28,0.0007841832479413789
627,1578,1,2.800654456933496e-05
628,599,3,8.401963370800488e-05
629,677,5,0.0001400327228466748
630,1028,1,2.800654456933496e-05
631,29,7606,0.21301777799436172
632,4,225961,6.328386817431497
633,698,1,2.800654456933496e-05
634,96,650,0.018204253970067724
635,2568,1,2.800654456933496e-05
636,466,15,0.0004200981685400245
637,201,115,0.003220752625473521
638,844,1,2.800654456933496e-05
639,980,1,2.800654456933496e-05
640,631,3,8.401963370800488e-05
641,107,526,0.01473144244347019
642,6,116223,3.255004629481818
643,446,12,0.0003360785348320195
644,749,3,8.401963370800488e-05
645,86,965,0.02702631550940824
646,1058,1,2.800654456933496e-05
647,219,85,0.0023805562883934717
648,1628,1,2.800654456933496e-05
649,363,21,0.0005881374359560342
650,231,76,0.0021284973872694574
651,66,1634,0.045762693826293326
652,512,6,0.00016803926741600975
653,661,4,0.00011202617827733985
654,340,25,0.0007001636142333741
655,1213,1,2.800654456933496e-05
656,523,7,0.00019604581198534474
657,356,16,0.0004481047131093594
658,458,5,0.0001400327228466748
659,414,19,0.0005321243468173644
660,640,3,8.401963370800488e-05
661,1053,2,5.601308913866992e-05
662,368,15,0.0004200981685400245
663,735,1,2.800654456933496e-05
664,538,7,0.00019604581198534474
665,166,177,0.004957158388772288
666,595,2,5.601308913866992e-05
667,142,280,0.00784183247941379
668,924,1,2.800654456933496e-05
669,872,6,0.00016803926741600975
670,410,19,0.0005321243468173644
671,1140,1,2.800654456933496e-05
672,792,4,0.00011202617827733985
673,896,4,0.00011202617827733985
674,651,3,8.401963370800488e-05
675,381,19,0.0005321243468173644
676,38,5443,0.1524396220908902
677,1005,3,8.401963370800488e-05
678,359,33,0.0009242159707880537
679,597,7,0.00019604581198534474
680,193,135,0.0037808835168602196
681,1012,1,2.800654456933496e-05
682,548,6,0.00016803926741600975
683,730,5,0.0001400327228466748
684,217,105,0.002940687179780171
685,709,3,8.401963370800488e-05
686,47,3244,0.09085323058292262
687,886,1,2.800654456933496e-05
688,177,153,0.0042850013191082495
689,727,2,5.601308913866992e-05
690,985,1,2.800654456933496e-05
691,810,3,8.401963370800488e-05
692,1601,1,2.800654456933496e-05
693,779,3,8.401963370800488e-05
694,1231,3,8.401963370800488e-05
695,1276,1,2.800654456933496e-05
696,110,514,0.014395363908638171
697,2845,1,2.800654456933496e-05
698,931,2,5.601308913866992e-05
699,145,254,0.00711366232061108
700,557,10,0.0002800654456933496
701,1189,1,2.800654456933496e-05
702,718,1,2.800654456933496e-05
703,623,3,8.401963370800488e-05
704,485,9,0.00025205890112401465
705,1364,1,2.800654456933496e-05
706,229,71,0.0019884646644227825
707,1112,1,2.800654456933496e-05
708,559,4,0.00011202617827733985
709,788,3,8.401963370800488e-05
710,304,53,0.001484346862174753
711,52,2801,0.07844633133870722
712,633,4,0.00011202617827733985
713,3394,1,2.800654456933496e-05
714,341,27,0.000756176703372044
715,450,14,0.00039209162397068947
716,900,1,2.800654456933496e-05
717,405,14,0.00039209162397068947
718,1195,1,2.800654456933496e-05
719,170,185,0.005181210745326968
720,996,1,2.800654456933496e-05
721,762,4,0.00011202617827733985
722,712,3,8.401963370800488e-05
723,192,141,0.00394892278427623
724,513,10,0.0002800654456933496
725,101,607,0.01699997255358632
726,1063,1,2.800654456933496e-05
727,473,11,0.0003080719902626846
728,69,1353,0.03789285480231021
729,1824,1,2.800654456933496e-05
730,1059,1,2.800654456933496e-05
731,679,4,0.00011202617827733985
732,983,1,2.800654456933496e-05
733,375,20,0.0005601308913866992
734,415,18,0.0005041178022480293
735,729,4,0.00011202617827733985
736,680,1,2.800654456933496e-05
737,408,22,0.0006161439805253692
738,1376,2,5.601308913866992e-05
739,1365,3,8.401963370800488e-05
740,782,5,0.0001400327228466748
741,689,4,0.00011202617827733985
742,1338,1,2.800654456933496e-05
743,522,6,0.00016803926741600975
744,674,6,0.00016803926741600975
745,630,4,0.00011202617827733985
746,11,39184,1.0974084424048212
747,575,5,0.0001400327228466748
748,1384,1,2.800654456933496e-05
749,821,2,5.601308913866992e-05
750,401,16,0.0004481047131093594
751,659,7,0.00019604581198534474
752,739,3,8.401963370800488e-05
753,1094,3,8.401963370800488e-05
754,279,51,0.001428333773036083
755,9,53537,1.4993863766084858
756,903,1,2.800654456933496e-05
757,1948,1,2.800654456933496e-05
758,741,1,2.800654456933496e-05
759,716,5,0.0001400327228466748
760,543,13,0.0003640850794013545
761,565,9,0.00025205890112401465
762,736,1,2.800654456933496e-05
763,1947,1,2.800654456933496e-05
764,1473,1,2.800654456933496e-05
765,566,9,0.00025205890112401465
766,1130,3,8.401963370800488e-05
767,457,10,0.0002800654456933496
768,85,1004,0.0281185707476123
769,592,8,0.0002240523565546797
770,1440,1,2.800654456933496e-05
771,281,52,0.001456340317605418
772,553,5,0.0001400327228466748
773,1640,1,2.800654456933496e-05
774,302,25,0.0007001636142333741
775,288,45,0.0012602945056200733
776,21,22977,0.6435063745696094
777,622,5,0.0001400327228466748
778,1027,1,2.800654456933496e-05
779,774,3,8.401963370800488e-05
780,3844,1,2.800654456933496e-05
781,398,16,0.0004481047131093594
782,1726,1,2.800654456933496e-05
783,635,5,0.0001400327228466748
784,388,14,0.00039209162397068947
785,165,164,0.004593073309370934
786,56,2298,0.06435903942033175
787,151,216,0.006049413626976352
788,820,2,5.601308913866992e-05
789,620,3,8.401963370800488e-05
790,245,63,0.0017644123078681025
791,205,97,0.002716634823225491
792,67,1555,0.043550176805315866
793,1326,1,2.800654456933496e-05
794,325,31,0.0008682028816493837
795,895,1,2.800654456933496e-05
796,673,5,0.0001400327228466748
797,1060,1,2.800654456933496e-05
798,1127,1,2.800654456933496e-05
799,783,6,0.00016803926741600975
800,1017,3,8.401963370800488e-05
801,484,12,0.0003360785348320195
802,334,24,0.000672157069664039
803,558,10,0.0002800654456933496
804,144,273,0.007645786667428445
805,540,8,0.0002240523565546797
806,1224,1,2.800654456933496e-05
807,168,184,0.005153204200757633
808,471,7,0.00019604581198534474
809,598,7,0.00019604581198534474
810,1051,1,2.800654456933496e-05
811,287,40,0.0011202617827733984
812,464,9,0.00025205890112401465
813,167,160,0.004481047131093594
814,277,43,0.0012042814164814034
815,290,43,0.0012042814164814034
816,300,38,0.0010642486936347287
817,1352,1,2.800654456933496e-05
818,1716,1,2.800654456933496e-05
819,662,1,2.800654456933496e-05
820,284,40,0.0011202617827733984
821,342,29,0.000812189792510714
822,367,23,0.0006441505250947042
823,588,6,0.00016803926741600975
824,41,4167,0.11670327122041879
825,439,11,0.0003080719902626846
826,206,108,0.003024706813488176
827,46,3784,0.1059767646503635
828,586,4,0.00011202617827733985
829,572,6,0.00016803926741600975
830,53,2398,0.06715969387726524
831,32,7064,0.19783823083778218
832,336,39,0.0010922552382040636
833,275,52,0.001456340317605418
834,247,59,0.0016523861295907629
835,260,54,0.001512353406744088
836,423,9,0.00025205890112401465
837,136,325,0.009102126985033862
838,139,296,0.00828993719252315
839,1182,4,0.00011202617827733985
840,411,20,0.0005601308913866992
841,425,13,0.0003640850794013545
842,864,1,2.800654456933496e-05
843,672,4,0.00011202617827733985
844,1454,1,2.800654456933496e-05
845,1040,1,2.800654456933496e-05
846,316,39,0.0010922552382040636
847,731,6,0.00016803926741600975
848,403,17,0.00047611125767869434
849,256,50,0.0014003272284667482
850,654,2,5.601308913866992e-05
851,332,31,0.0008682028816493837
852,628,4,0.00011202617827733985
853,33,5970,0.16719907107892973
854,422,11,0.0003080719902626846
855,549,5,0.0001400327228466748
856,185,132,0.003696863883152215
857,653,3,8.401963370800488e-05
858,215,91,0.0025485955558094816
859,380,18,0.0005041178022480293
860,1339,1,2.800654456933496e-05
861,130,325,0.009102126985033862
862,23,12945,0.3625447194500411
863,612,2,5.601308913866992e-05
864,486,14,0.00039209162397068947
865,625,4,0.00011202617827733985
866,617,4,0.00011202617827733985
867,1521,1,2.800654456933496e-05
868,765,4,0.00011202617827733985
869,1855,1,2.800654456933496e-05
870,552,7,0.00019604581198534474
871,959,1,2.800654456933496e-05
872,819,3,8.401963370800488e-05
873,314,43,0.0012042814164814034
874,386,23,0.0006441505250947042
875,426,13,0.0003640850794013545
876,433,17,0.00047611125767869434
877,364,18,0.0005041178022480293
878,1805,1,2.800654456933496e-05
879,1187,1,2.800654456933496e-05
880,877,1,2.800654456933496e-05
881,299,42,0.0011762748719120683
882,169,154,0.004313007863677584
883,1113,1,2.800654456933496e-05
884,605,9,0.00025205890112401465
885,345,29,0.000812189792510714
886,92,783,0.021929124397789275
887,1317,1,2.800654456933496e-05
888,541,5,0.0001400327228466748
889,971,1,2.800654456933496e-05
890,660,5,0.0001400327228466748
891,437,15,0.0004200981685400245
892,910,2,5.601308913866992e-05
893,236,66,0.0018484319415761074
894,941,2,5.601308913866992e-05
895,998,1,2.800654456933496e-05
896,949,1,2.800654456933496e-05
897,1065,2,5.601308913866992e-05
898,197,113,0.003164739536334851
899,135,295,0.008261930647953813
900,999,2,5.601308913866992e-05
901,493,3,8.401963370800488e-05
902,665,5,0.0001400327228466748
903,707,2,5.601308913866992e-05
904,454,16,0.0004481047131093594
905,759,2,5.601308913866992e-05
906,482,7,0.00019604581198534474
907,227,70,0.0019604581198534475
908,500,6,0.00016803926741600975
909,1204,2,5.601308913866992e-05
910,311,40,0.0011202617827733984
911,73,1215,0.03402795165174198
912,103,591,0.01655186784047696
913,1874,1,2.800654456933496e-05
914,1171,1,2.800654456933496e-05
915,1085,3,8.401963370800488e-05
916,875,1,2.800654456933496e-05
917,239,79,0.0022125170209774617
918,121,347,0.009718270965559233
919,1255,2,5.601308913866992e-05
920,420,18,0.0005041178022480293
921,561,3,8.401963370800488e-05
922,845,1,2.800654456933496e-05
923,755,3,8.401963370800488e-05
924,196,137,0.0038368966059988898
925,291,33,0.0009242159707880537
926,15,23514,0.6585458890033422
927,859,3,8.401963370800488e-05
928,1129,2,5.601308913866992e-05
929,842,4,0.00011202617827733985
930,767,3,8.401963370800488e-05
931,61,1816,0.05085988493791229
932,1043,1,2.800654456933496e-05
933,244,72,0.002016471208992117
934,602,4,0.00011202617827733985
935,1088,1,2.800654456933496e-05
936,1124,2,5.601308913866992e-05
937,691,9,0.00025205890112401465
938,468,9,0.00025205890112401465
939,697,4,0.00011202617827733985
940,1243,1,2.800654456933496e-05
941,721,2,5.601308913866992e-05
942,251,63,0.0017644123078681025
943,1100,1,2.800654456933496e-05
944,705,4,0.00011202617827733985
945,104,621,0.017392064177557013
946,960,1,2.800654456933496e-05
947,171,178,0.004985164933341623
948,397,21,0.0005881374359560342
949,604,6,0.00016803926741600975
950,427,9,0.00025205890112401465
951,786,4,0.00011202617827733985
952,347,25,0.0007001636142333741
953,179,153,0.0042850013191082495
954,562,5,0.0001400327228466748
955,636,2,5.601308913866992e-05
956,321,33,0.0009242159707880537
957,105,593,0.016607880929615633
958,402,15,0.0004200981685400245
959,804,1,2.800654456933496e-05
960,445,14,0.00039209162397068947
961,866,1,2.800654456933496e-05
962,889,1,2.800654456933496e-05
963,991,2,5.601308913866992e-05
964,1611,1,2.800654456933496e-05
965,776,1,2.800654456933496e-05
966,1746,1,2.800654456933496e-05
967,467,14,0.00039209162397068947
968,327,29,0.000812189792510714
969,253,57,0.001596373040452093
970,692,5,0.0001400327228466748
971,581,11,0.0003080719902626846
972,14,30409,0.851651013808907
973,1121,1,2.800654456933496e-05
974,109,502,0.01405928537380615
975,2237,1,2.800654456933496e-05
976,133,316,0.008850068083909847
977,724,3,8.401963370800488e-05
978,1134,1,2.800654456933496e-05
979,372,21,0.0005881374359560342
980,339,33,0.0009242159707880537
981,600,3,8.401963370800488e-05
982,335,39,0.0010922552382040636
983,1596,1,2.800654456933496e-05
984,1931,1,2.800654456933496e-05
985,603,3,8.401963370800488e-05
986,591,3,8.401963370800488e-05
987,808,2,5.601308913866992e-05
988,383,19,0.0005321243468173644
989,1695,1,2.800654456933496e-05
990,301,38,0.0010642486936347287
991,7,76903,2.1537872970155667
992,1011,2,5.601308913866992e-05
993,757,2,5.601308913866992e-05
994,827,1,2.800654456933496e-05
995,254,59,0.0016523861295907629
996,377,25,0.0007001636142333741
997,1497,1,2.800654456933496e-05
998,952,1,2.800654456933496e-05
999,159,202,0.005657322003005662
1000,432,13,0.0003640850794013545
1001,857,1,2.800654456933496e-05
1002,619,5,0.0001400327228466748
1003,890,1,2.800654456933496e-05
1004,20,18954,0.5308360457671748
1005,1061,1,2.800654456933496e-05
1006,319,26,0.000728170158802709
1007,1,1240596,34.74480716653868
1008,76,1170,0.032767657146121905
1009,1074,2,5.601308913866992e-05
1010,517,4,0.00011202617827733985
1011,1111,1,2.800654456933496e-05
1012,129,364,0.010194382223237927
1013,203,112,0.0031367329917655158
1014,789,3,8.401963370800488e-05
1015,346,19,0.0005321243468173644
1016,71,1300,0.03640850794013545
1017,267,58,0.001624379585021428
1018,68,1550,0.04341014408246919
1019,773,2,5.601308913866992e-05
1020,1023,1,2.800654456933496e-05
1021,80,1038,0.029070793262969692
1022,146,244,0.00683359687491773
1023,1172,2,5.601308913866992e-05
1024,511,11,0.0003080719902626846
1025,1208,2,5.601308913866992e-05
1026,162,219,0.006133433260684357
1027,738,1,2.800654456933496e-05
1028,1660,1,2.800654456933496e-05
1029,797,2,5.601308913866992e-05
1030,1633,2,5.601308913866992e-05
1031,582,9,0.00025205890112401465
1032,1333,1,2.800654456933496e-05
1033,330,37,0.0010362421490653936
1034,751,2,5.601308913866992e-05
1035,237,88,0.002464575922101477
1036,451,6,0.00016803926741600975
1037,262,63,0.0017644123078681025
1038,323,38,0.0010642486936347287
1039,348,28,0.0007841832479413789
1040,337,25,0.0007001636142333741
1041,504,5,0.0001400327228466748
1042,399,19,0.0005321243468173644
1043,238,80,0.002240523565546797
1044,112,485,0.013583174116127457
1045,1699,2,5.601308913866992e-05
1046,560,7,0.00019604581198534474
1047,547,3,8.401963370800488e-05
1048,818,4,0.00011202617827733985
1049,1042,2,5.601308913866992e-05
1050,268,59,0.0016523861295907629
1051,613,5,0.0001400327228466748
1052,737,2,5.601308913866992e-05
1053,569,5,0.0001400327228466748
1054,124,415,0.01162271599627401
1055,452,16,0.0004481047131093594
1056,615,4,0.00011202617827733985
1057,798,2,5.601308913866992e-05
1058,830,3,8.401963370800488e-05
1059,200,129,0.00361284424944421
1060,1657,1,2.800654456933496e-05
1061,988,1,2.800654456933496e-05
1062,2212,1,2.800654456933496e-05
1063,601,6,0.00016803926741600975
1064,590,8,0.0002240523565546797
1065,82,1044,0.029238832530385703
1066,202,118,0.0033047722591815257
1067,973,1,2.800654456933496e-05
1068,610,6,0.00016803926741600975
1069,79,1023,0.02865069509442967
1070,678,2,5.601308913866992e-05
1071,812,1,2.800654456933496e-05
1072,1390,2,5.601308913866992e-05
1073,579,3,8.401963370800488e-05
1074,510,7,0.00019604581198534474
1075,1176,2,5.601308913866992e-05
1076,1186,1,2.800654456933496e-05
1077,198,130,0.0036408507940135447
1078,17,19462,0.545063370408397
1079,212,103,0.002884674090641501
1080,28,9206,0.2578282493052977
1081,1116,1,2.800654456933496e-05
1082,1290,1,2.800654456933496e-05
1083,404,22,0.0006161439805253692
1084,720,3,8.401963370800488e-05
1085,997,1,2.800654456933496e-05
1086,489,12,0.0003360785348320195
1087,1029,1,2.800654456933496e-05
1088,515,5,0.0001400327228466748
1089,1000,1,2.800654456933496e-05
1090,616,6,0.00016803926741600975
1091,83,912,0.025541968647233487
1092,63,1988,0.05567701060383791
1093,571,5,0.0001400327228466748
1094,516,13,0.0003640850794013545
1095,956,1,2.800654456933496e-05
1096,666,1,2.800654456933496e-05
1097,542,8,0.0002240523565546797
1098,395,18,0.0005041178022480293
1099,216,80,0.002240523565546797
1100,958,1,2.800654456933496e-05
1101,882,1,2.800654456933496e-05
1102,295,38,0.0010642486936347287
1103,694,3,8.401963370800488e-05
1104,3004,1,2.800654456933496e-05
1105,213,85,0.0023805562883934717
1106,274,58,0.001624379585021428
1107,801,2,5.601308913866992e-05
1108,163,192,0.005377256557312312
1109,833,2,5.601308913866992e-05
1110,669,5,0.0001400327228466748
1111,223,96,0.002688628278656156
1112,352,20,0.0005601308913866992
1113,1512,1,2.800654456933496e-05
1114,362,23,0.0006441505250947042
1115,221,86,0.0024085628329628067
1116,688,5,0.0001400327228466748
1117,1288,2,5.601308913866992e-05
1118,594,11,0.0003080719902626846
1119,460,14,0.00039209162397068947
1120,499,4,0.00011202617827733985
1121,265,67,0.0018764384861454425
1122,111,476,0.013331115215003443
1123,1530,1,2.800654456933496e-05
1124,968,1,2.800654456933496e-05
1125,16,24402,0.6834157005809117
1126,62,1909,0.05346449358286044
1127,993,1,2.800654456933496e-05
1128,326,30,0.000840196337080049
1129,568,6,0.00016803926741600975
1130,371,14,0.00039209162397068947
1131,805,3,8.401963370800488e-05
1132,655,3,8.401963370800488e-05
1133,413,18,0.0005041178022480293
1134,649,5,0.0001400327228466748
1135,183,161,0.004509053675662929
1136,100,661,0.01851232596033041
1137,925,1,2.800654456933496e-05
1138,150,247,0.006917616508625736
1139,421,16,0.0004481047131093594
1140,429,10,0.0002800654456933496
1141,835,2,5.601308913866992e-05
1142,1498,1,2.800654456933496e-05
1143,25,10151,0.2842944339233192
1144,141,269,0.0075337604891511055
1145,122,384,0.010754513114624624
1146,1355,1,2.800654456933496e-05
1147,648,4,0.00011202617827733985
1148,570,7,0.00019604581198534474
1149,923,2,5.601308913866992e-05
1150,995,1,2.800654456933496e-05
1151,434,18,0.0005041178022480293
1152,211,102,0.002856667546072166
1153,901,1,2.800654456933496e-05
1154,530,4,0.00011202617827733985
1155,928,1,2.800654456933496e-05
1156,536,6,0.00016803926741600975
1157,465,11,0.0003080719902626846
1158,449,7,0.00019604581198534474
1159,520,7,0.00019604581198534474
1160,64,1804,0.050523806403080275
1161,55,2222,0.06223054203306228
1162,148,280,0.00784183247941379
1163,790,4,0.00011202617827733985
1164,828,4,0.00011202617827733985
