,contribution_date,sum,count
0,2013-01-01,35189.95,1749
1,2013-01-02,20131.95,991
2,2013-01-03,69351.58,4358
3,2013-01-04,34018.57,1400
4,2013-01-05,17418.41,666
5,2013-01-06,12100.46,642
6,2013-01-07,40888.69,1919
7,2013-01-08,39004.71,2779
8,2013-01-09,48775.86,1412
9,2013-01-10,73739.31,4289
10,2013-01-11,80169.17,4590
11,2013-01-12,91549.78,4094
12,2013-01-13,37373.16,1750
13,2013-01-14,58261.62,3025
14,2013-01-15,113114.8,5741
15,2013-01-16,98394.2,5371
16,2013-01-17,72469.45,3992
17,2013-01-18,89548.32,6084
18,2013-01-19,36947.11,2944
19,2013-01-20,27382.28,2024
20,2013-01-21,42523.36,1732
21,2013-01-22,30132.89,1356
22,2013-01-23,108222.56,7914
23,2013-01-24,113107.56,4491
24,2013-01-25,88052.61,3801
25,2013-01-26,38016.1,2782
26,2013-01-27,75986.02,6613
27,2013-01-28,209224.17,9297
28,2013-01-29,231997.51,11605
29,2013-01-30,295836.25,12471
30,2013-01-31,602220.11,26179
31,2013-02-01,120371.17,4710
32,2013-02-02,81570.97,4122
33,2013-02-03,33997.42,1440
34,2013-02-04,72022.63,1682
35,2013-02-05,142582.31,6730
36,2013-02-06,116147.99,4502
37,2013-02-07,92342.89,3840
38,2013-02-08,55332.77,2309
39,2013-02-09,41570.7,1011
40,2013-02-10,54311.14,2612
41,2013-02-11,81784.8,3628
42,2013-02-12,91197.27,7238
43,2013-02-13,125534.82,7234
44,2013-02-14,103289.34,4394
45,2013-02-15,178626.38,6321
46,2013-02-16,60931.83,3718
47,2013-02-17,33460.74,1942
48,2013-02-18,105393.74,4038
49,2013-02-19,112986.59,3946
50,2013-02-20,216658.92,8995
51,2013-02-21,379685.56,16413
52,2013-02-22,196651.66,7586
53,2013-02-23,68436.14,2851
54,2013-02-24,92620.26,2906
55,2013-02-25,418786.66,18141
56,2013-02-26,302739.42,12060
57,2013-02-27,559934.13,20517
58,2013-02-28,1272402.48,60236
59,2013-03-01,249347.7,9704
60,2013-03-02,43536.11,1998
61,2013-03-03,35017.03,1614
62,2013-03-04,94543.3,1498
63,2013-03-05,72858.82,1843
64,2013-03-06,95654.1,2356
65,2013-03-07,79331.33,1922
66,2013-03-08,109158.4,3065
67,2013-03-09,124197.28,1300
68,2013-03-10,36420.5,2454
69,2013-03-11,137040.92,3397
70,2013-03-12,185561.55,6858
71,2013-03-13,180911.58,6544
72,2013-03-14,155747.39,5613
73,2013-03-15,200443.83,7375
74,2013-03-16,84325.87,3897
75,2013-03-17,72342.51,4023
76,2013-03-18,168534.68,5431
77,2013-03-19,149260.48,6188
78,2013-03-20,263792.31,13141
79,2013-03-21,634893.92,33772
80,2013-03-22,264319.21,12238
81,2013-03-23,81058.77,4065
82,2013-03-24,64159.21,2141
83,2013-03-25,165548.29,5675
84,2013-03-26,217314.5,7536
85,2013-03-27,378285.47,15831
86,2013-03-28,499254.77,19667
87,2013-03-29,634385.82,28049
88,2013-03-30,705318.32,32703
89,2013-03-31,704474.13,27653
90,2013-04-01,157064.82,4694
91,2013-04-02,124959.89,3207
92,2013-04-03,168299.06,4552
93,2013-04-04,161957.15,4832
94,2013-04-05,165615.39,3971
95,2013-04-06,74758.15,5004
96,2013-04-07,84030.72,3147
97,2013-04-08,85574.49,3014
98,2013-04-09,156813.68,2821
99,2013-04-10,139680.3,4090
100,2013-04-11,202860.87,4897
101,2013-04-12,105973.52,2473
102,2013-04-13,59392.04,3265
103,2013-04-14,64826.8,3899
104,2013-04-15,149811.93,4177
105,2013-04-16,86545.8,1665
106,2013-04-17,408365.92,15328
107,2013-04-18,325463.92,14764
108,2013-04-19,96839.88,3425
109,2013-04-20,43596.09,1980
110,2013-04-21,74319.03,5729
111,2013-04-22,281600.33,14758
112,2013-04-23,261865.49,15263
113,2013-04-24,278283.65,15348
114,2013-04-25,244466.99,11390
115,2013-04-26,250422.29,10253
116,2013-04-27,293789.05,13224
117,2013-04-28,212011.3,11164
118,2013-04-29,424614.98,17814
119,2013-04-30,638291.09,31441
120,2013-05-01,225406.79,8303
121,2013-05-02,324418.43,13802
122,2013-05-03,374444.78,17200
123,2013-05-04,215765.91,12013
124,2013-05-05,287410.32,15813
125,2013-05-06,467120.85,23780
126,2013-05-07,219025.59,5396
127,2013-05-08,117611.22,3746
128,2013-05-09,237575.22,6011
129,2013-05-10,96558.87,3323
130,2013-05-11,39677.25,2212
131,2013-05-12,26442.16,1206
132,2013-05-13,111779.2,1725
133,2013-05-14,136841.38,3871
134,2013-05-15,94895.7,3279
135,2013-05-16,143838.73,5021
136,2013-05-17,87300.95,4093
137,2013-05-18,47732.16,2953
138,2013-05-19,59334.14,1841
139,2013-05-20,115682.14,2417
140,2013-05-21,124102.67,2557
141,2013-05-22,106006.03,4083
142,2013-05-23,167493.11,5330
143,2013-05-24,141375.87,3777
144,2013-05-25,42291.82,2192
145,2013-05-26,65789.91,2471
146,2013-05-27,50550.06,2412
147,2013-05-28,199558.09,6462
148,2013-05-29,304394.33,14733
149,2013-05-30,331966.53,15780
150,2013-05-31,542816.44,27214
151,2013-06-01,105118.34,7090
152,2013-06-02,49063.17,2215
153,2013-06-03,121233.1,2910
154,2013-06-04,139839.68,3508
155,2013-06-05,141319.69,3521
156,2013-06-06,154189.4,2906
157,2013-06-07,125494.78,1587
158,2013-06-08,102752.47,2710
159,2013-06-09,179249.11,3631
160,2013-06-10,324072.76,6362
161,2013-06-11,268722.02,7157
162,2013-06-12,257903.35,8208
163,2013-06-13,179806.1,5213
164,2013-06-14,177575.51,3657
165,2013-06-15,122505.93,3923
166,2013-06-16,78988.12,1502
167,2013-06-17,195012.57,4337
168,2013-06-18,255347.02,9498
169,2013-06-19,166645.78,5692
170,2013-06-20,260010.47,8700
171,2013-06-21,193946.3,7659
172,2013-06-22,105695.78,4510
173,2013-06-23,128781.84,5194
174,2013-06-24,308551.82,11216
175,2013-06-25,344630.19,14293
176,2013-06-26,311919.3,12304
177,2013-06-27,566243.12,21314
178,2013-06-28,621197.63,20203
179,2013-06-29,424981.18,17043
180,2013-06-30,910791.23,36277
181,2013-07-01,161776.41,7060
182,2013-07-02,168108.92,5050
183,2013-07-03,82762.07,3818
184,2013-07-04,38434.34,1438
185,2013-07-05,26636.23,1177
186,2013-07-06,26708.12,1009
187,2013-07-07,26994.39,1405
188,2013-07-08,57545.45,2511
189,2013-07-09,192703.78,7086
190,2013-07-10,87900.07,3255
191,2013-07-11,167934.86,6812
192,2013-07-12,148936.39,6899
193,2013-07-13,88994.74,4998
194,2013-07-14,63553.96,2925
195,2013-07-15,85053.72,3088
196,2013-07-16,130284.29,3380
197,2013-07-17,202450.32,10861
198,2013-07-18,250998.55,11231
199,2013-07-19,152742.4,6577
200,2013-07-20,63137.37,3045
201,2013-07-21,56040.63,3585
202,2013-07-22,112913.74,3447
203,2013-07-23,230328.3,8055
204,2013-07-24,271590.12,14189
205,2013-07-25,218660.35,9202
206,2013-07-26,210156.19,9753
207,2013-07-27,91081.98,5475
208,2013-07-28,101505.3,5361
209,2013-07-29,279394.15,12500
210,2013-07-30,323952.83,14966
211,2013-07-31,507732.72,24600
212,2013-08-01,165032.66,8443
213,2013-08-02,100832.57,3571
214,2013-08-03,53892.63,2480
215,2013-08-04,31473.5,1362
216,2013-08-05,91317.32,2111
217,2013-08-06,88255.85,2036
218,2013-08-07,116098.19,4314
219,2013-08-08,123456.69,5208
220,2013-08-09,103034.43,4370
221,2013-08-10,34012.63,1993
222,2013-08-11,39440.57,1730
223,2013-08-12,84105.75,1493
224,2013-08-13,109798.03,2483
225,2013-08-14,141303.68,5098
226,2013-08-15,148284.51,8373
227,2013-08-16,129764.28,5433
228,2013-08-17,45397.59,2118
229,2013-08-18,37288.2,2644
230,2013-08-19,129480.58,5136
231,2013-08-20,145791.73,6853
232,2013-08-21,187458.97,9745
233,2013-08-22,144517.93,7795
234,2013-08-23,136982.69,3869
235,2013-08-24,61609.81,3084
236,2013-08-25,58576.64,2374
237,2013-08-26,127364.2,4147
238,2013-08-27,165489.51,6291
239,2013-08-28,235757.7,11143
240,2013-08-29,275768.24,13471
241,2013-08-30,291515.98,15973
242,2013-08-31,480343.88,25947
243,2013-09-01,81624.59,4915
244,2013-09-02,55403.47,2330
245,2013-09-03,110003.17,2729
246,2013-09-04,90036.44,2253
247,2013-09-05,115659.13,2050
248,2013-09-06,96252.15,2011
249,2013-09-07,49438.76,1998
250,2013-09-08,46608.09,1671
251,2013-09-09,58559.89,1408
252,2013-09-10,147658.27,5527
253,2013-09-11,109527.09,3044
254,2013-09-12,203560.86,6994
255,2013-09-13,166446.98,6903
256,2013-09-14,51319.11,2175
257,2013-09-15,64625.42,2515
258,2013-09-16,129923.86,2365
259,2013-09-17,359374.31,15269
260,2013-09-18,456196.18,22552
261,2013-09-19,488273.62,23739
262,2013-09-20,502345.53,21365
263,2013-09-21,170038.71,8893
264,2013-09-22,177242.2,7669
265,2013-09-23,370517.65,11036
266,2013-09-24,324011.02,14402
267,2013-09-25,538658.89,24981
268,2013-09-26,561155.37,23978
269,2013-09-27,516550.43,19397
270,2013-09-28,638207.86,34571
271,2013-09-29,894917.13,47267
272,2013-09-30,1985860.2,75543
273,2013-10-01,370993.64,16064
274,2013-10-02,213862.43,9851
275,2013-10-03,201931.95,5117
276,2013-10-04,218673.55,6792
277,2013-10-05,97115.34,5232
278,2013-10-06,337064.15,20678
279,2013-10-07,321122.83,16222
280,2013-10-08,323131.94,11349
281,2013-10-09,224068.42,10054
282,2013-10-10,232262.03,10271
283,2013-10-11,196177.83,10776
284,2013-10-12,133020.38,8015
285,2013-10-13,130199.36,7192
286,2013-10-14,163551.15,6829
287,2013-10-15,363970.62,18423
288,2013-10-16,214725.18,10144
289,2013-10-17,157019.26,6390
290,2013-10-18,184203.24,5080
291,2013-10-19,52879.25,2552
292,2013-10-20,66198.37,3161
293,2013-10-21,136852.71,6421
294,2013-10-22,181528.11,7560
295,2013-10-23,189227.66,7466
296,2013-10-24,249689.94,10182
297,2013-10-25,134642.45,5811
298,2013-10-26,119807.2,7284
299,2013-10-27,133848.58,8663
300,2013-10-28,228188.74,10915
301,2013-10-29,351247.38,15878
302,2013-10-30,518699.83,26063
303,2013-10-31,798407.52,35437
304,2013-11-01,140019.82,5769
305,2013-11-02,74142.19,4260
306,2013-11-03,87425.05,5671
307,2013-11-04,168692.24,6864
308,2013-11-05,122325.51,4890
309,2013-11-06,168842.31,8649
310,2013-11-07,142265.85,7429
311,2013-11-08,99006.65,5080
312,2013-11-09,63313.7,2645
313,2013-11-10,40368.95,2200
314,2013-11-11,89253.24,1791
315,2013-11-12,88205.21,2478
316,2013-11-13,110385.88,4376
317,2013-11-14,145078.65,5377
318,2013-11-15,192154.78,8561
319,2013-11-16,149416.95,9481
320,2013-11-17,123749.13,6558
321,2013-11-18,344418.89,10590
322,2013-11-19,185354.77,6419
323,2013-11-20,305654.98,8169
324,2013-11-21,326708.27,14015
325,2013-11-22,322363.13,14323
326,2013-11-23,241265.39,11192
327,2013-11-24,132839.46,5876
328,2013-11-25,209970.82,8443
329,2013-11-26,377117.32,9460
330,2013-11-27,166820.65,6375
331,2013-11-28,47300.37,3223
332,2013-11-29,287856.42,16146
333,2013-11-30,545643.36,29924
334,2013-12-01,101538.64,5046
335,2013-12-02,128142.71,3177
336,2013-12-03,158812.04,3654
337,2013-12-04,139461.42,4571
338,2013-12-05,171621.27,5802
339,2013-12-06,195114.42,8529
340,2013-12-07,100073.14,6106
341,2013-12-08,72181.79,4406
342,2013-12-09,180563.04,6535
343,2013-12-10,220935.7,10389
344,2013-12-11,208841.41,6555
345,2013-12-12,192909.75,6629
346,2013-12-13,265636.88,12588
347,2013-12-14,102993.32,6034
348,2013-12-15,81116.59,4104
349,2013-12-16,178356.56,6264
350,2013-12-17,238998.01,11694
351,2013-12-18,278777.01,9718
352,2013-12-19,391939.03,12910
353,2013-12-20,382428.96,14258
354,2013-12-21,200387.92,8854
355,2013-12-22,144329.06,6729
356,2013-12-23,225650.81,8561
357,2013-12-24,132589.27,5287
358,2013-12-25,49207.62,2257
359,2013-12-26,190438.3,7544
360,2013-12-27,385890.16,17360
361,2013-12-28,378658.07,16277
362,2013-12-29,369864.61,15846
363,2013-12-30,866325.95,31934
364,2013-12-31,1557837.38,50786
365,2014-01-01,106202.13,5686
366,2014-01-02,48644.79,1768
367,2014-01-03,52720.83,1964
368,2014-01-04,42378.72,2525
369,2014-01-05,39967.9,2229
370,2014-01-06,72756.73,3601
371,2014-01-07,84086.17,5436
372,2014-01-08,122683.0,4284
373,2014-01-09,123963.87,4596
374,2014-01-10,108363.14,4644
375,2014-01-11,90598.78,3208
376,2014-01-12,51033.81,2394
377,2014-01-13,102252.28,4146
378,2014-01-14,116334.81,4281
379,2014-01-15,173554.03,7508
380,2014-01-16,206969.41,9398
381,2014-01-17,167380.3,8369
382,2014-01-18,144770.96,7983
383,2014-01-19,119827.97,6334
384,2014-01-20,84084.48,3291
385,2014-01-21,218837.02,11014
386,2014-01-22,234627.96,11189
387,2014-01-23,214577.05,9205
388,2014-01-24,321053.03,12261
389,2014-01-25,152958.59,8172
390,2014-01-26,210717.11,10492
391,2014-01-27,280087.57,12624
392,2014-01-28,486724.26,24564
393,2014-01-29,376904.95,17931
394,2014-01-30,589931.57,24136
395,2014-01-31,754108.6,30900
396,2014-02-01,124081.24,7006
397,2014-02-02,65184.9,4106
398,2014-02-03,179462.0,5018
399,2014-02-04,163064.81,5047
400,2014-02-05,174313.57,6124
401,2014-02-06,230202.48,8723
402,2014-02-07,227269.94,8973
403,2014-02-08,162330.62,9057
404,2014-02-09,124147.98,4630
405,2014-02-10,288516.24,9696
406,2014-02-11,286102.26,10248
407,2014-02-12,315076.11,12017
408,2014-02-13,246456.62,9523
409,2014-02-14,230799.95,8023
410,2014-02-15,192386.66,8136
411,2014-02-16,184177.99,5733
412,2014-02-17,220670.17,5279
413,2014-02-18,300732.07,9047
414,2014-02-19,390764.75,13869
415,2014-02-20,377340.17,12006
416,2014-02-21,392111.27,16203
417,2014-02-22,175675.52,7959
418,2014-02-23,189564.34,9367
419,2014-02-24,413989.95,12685
420,2014-02-25,523626.21,17752
421,2014-02-26,494547.63,21148
422,2014-02-27,568631.46,25276
423,2014-02-28,1246950.4,58121
424,2014-03-01,171141.35,7747
425,2014-03-02,98095.31,4220
426,2014-03-03,266925.49,8626
427,2014-03-04,313422.17,11369
428,2014-03-05,430924.23,18759
429,2014-03-06,450267.61,22349
430,2014-03-07,462975.93,23484
431,2014-03-08,330114.4,17197
432,2014-03-09,309654.09,12416
433,2014-03-10,419443.67,16256
434,2014-03-11,405191.54,11443
435,2014-03-12,336055.82,9256
436,2014-03-13,314958.43,10723
437,2014-03-14,362885.03,14403
438,2014-03-15,202632.17,10884
439,2014-03-16,139163.26,8345
440,2014-03-17,257999.65,8332
441,2014-03-18,397536.61,11732
442,2014-03-19,312983.6,9593
443,2014-03-20,362379.18,10024
444,2014-03-21,369801.18,10744
445,2014-03-22,210194.34,7443
446,2014-03-23,160826.57,5870
447,2014-03-24,470255.68,11566
448,2014-03-25,528510.3,15861
449,2014-03-26,736125.65,26536
450,2014-03-27,1131381.57,39156
451,2014-03-28,976940.78,33254
452,2014-03-29,805703.37,32152
453,2014-03-30,941401.46,33873
454,2014-03-31,2651718.76,75124
455,2014-04-01,393131.58,12578
456,2014-04-02,227273.5,6892
457,2014-04-03,171062.3,5416
458,2014-04-04,178609.24,4805
459,2014-04-05,113913.95,6618
460,2014-04-06,88476.41,5104
461,2014-04-07,217551.85,7782
462,2014-04-08,263688.05,10153
463,2014-04-09,229397.14,6526
464,2014-04-10,321388.36,24192
465,2014-04-11,309235.23,14965
466,2014-04-12,104982.91,7560
467,2014-04-13,128931.67,7989
468,2014-04-14,260930.97,9354
469,2014-04-15,202834.4,10221
470,2014-04-16,248521.67,10130
471,2014-04-17,208334.47,9066
472,2014-04-18,159573.16,8231
473,2014-04-19,122355.76,5549
474,2014-04-20,63172.94,2915
475,2014-04-21,254310.63,6984
476,2014-04-22,302011.97,10514
477,2014-04-23,573755.14,25629
478,2014-04-24,684017.47,31351
479,2014-04-25,365102.62,18380
480,2014-04-26,238477.02,12954
481,2014-04-27,382815.17,18121
482,2014-04-28,596226.52,25885
483,2014-04-29,744010.37,33546
484,2014-04-30,1418294.66,60912
485,2014-05-01,343621.27,12802
486,2014-05-02,230416.37,6844
487,2014-05-03,100904.26,5139
488,2014-05-04,107843.79,5724
489,2014-05-05,249694.25,6311
490,2014-05-06,289113.2,10214
491,2014-05-07,338249.61,11832
492,2014-05-08,350004.52,9560
493,2014-05-09,257943.08,8635
494,2014-05-10,141943.94,6550
495,2014-05-11,86377.62,4720
496,2014-05-12,233463.5,8433
497,2014-05-13,365694.73,14088
498,2014-05-14,347861.76,14008
499,2014-05-15,406667.91,21653
500,2014-05-16,353476.79,18616
501,2014-05-17,157218.43,13138
502,2014-05-18,172843.59,13770
503,2014-05-19,387407.01,14339
504,2014-05-20,429566.74,14160
505,2014-05-21,429128.95,15051
506,2014-05-22,352445.62,13379
507,2014-05-23,369084.11,14605
508,2014-05-24,204568.32,10702
509,2014-05-25,193647.78,10174
510,2014-05-26,156171.08,7483
511,2014-05-27,562242.82,21691
512,2014-05-28,779982.82,36395
513,2014-05-29,692274.78,31726
514,2014-05-30,902796.97,38000
515,2014-05-31,1115497.9,55604
516,2014-06-01,272512.47,14248
517,2014-06-02,570034.2,9887
518,2014-06-03,428304.98,7689
519,2014-06-04,316785.32,15201
520,2014-06-05,263055.98,11751
521,2014-06-06,273753.16,13405
522,2014-06-07,175912.79,10729
523,2014-06-08,178024.4,9748
524,2014-06-09,287603.92,11147
525,2014-06-10,410442.64,13469
526,2014-06-11,581411.34,25611
527,2014-06-12,491493.23,21829
528,2014-06-13,467372.31,21224
529,2014-06-14,229366.14,17000
530,2014-06-15,205901.4,13279
531,2014-06-16,425395.09,15550
532,2014-06-17,403238.97,14159
533,2014-06-18,367298.69,15519
534,2014-06-19,589706.39,30950
535,2014-06-20,597323.62,30216
536,2014-06-21,279093.77,16715
537,2014-06-22,224020.62,13998
538,2014-06-23,540086.72,18887
539,2014-06-24,853894.98,29664
540,2014-06-25,1174216.89,50692
541,2014-06-26,794150.59,36546
542,2014-06-27,964634.31,38085
543,2014-06-28,772126.96,35008
544,2014-06-29,975874.12,45958
545,2014-06-30,3300129.87,118305
546,2014-07-01,513841.3,18797
547,2014-07-02,228430.21,8066
548,2014-07-03,223665.98,9737
549,2014-07-04,147505.56,9798
550,2014-07-05,83730.87,4463
551,2014-07-06,73727.82,4459
552,2014-07-07,199936.08,10740
553,2014-07-08,307826.4,13110
554,2014-07-09,368652.79,18394
555,2014-07-10,360511.51,20518
556,2014-07-11,314304.54,20498
557,2014-07-12,156425.27,18748
558,2014-07-13,173545.58,20698
559,2014-07-14,311405.0,19841
560,2014-07-15,526319.14,32915
561,2014-07-16,529964.73,31443
562,2014-07-17,483408.6,28980
563,2014-07-18,446422.32,25591
564,2014-07-19,266385.08,15326
565,2014-07-20,247618.01,13994
566,2014-07-21,321157.64,11794
567,2014-07-22,380120.57,19216
568,2014-07-23,661004.41,30465
569,2014-07-24,874567.44,48179
570,2014-07-25,1247642.69,72225
571,2014-07-26,918197.18,53935
572,2014-07-27,832948.47,49558
573,2014-07-28,1603667.23,87434
574,2014-07-29,1013373.17,55494
575,2014-07-30,1494432.26,80138
576,2014-07-31,1854306.33,93285
577,2014-08-01,450765.43,20282
578,2014-08-02,191532.67,8854
579,2014-08-03,176763.53,9693
580,2014-08-04,367337.79,16049
581,2014-08-05,422438.15,12400
582,2014-08-06,400941.05,19482
583,2014-08-07,431210.27,19519
584,2014-08-08,336171.33,14724
585,2014-08-09,194445.8,10753
586,2014-08-10,220019.77,16445
587,2014-08-11,479131.18,25101
588,2014-08-12,491952.91,23969
589,2014-08-13,860552.31,45681
590,2014-08-14,876726.73,44671
591,2014-08-15,1032226.8,50086
592,2014-08-16,275973.76,18519
593,2014-08-17,270760.21,17455
594,2014-08-18,444463.79,17203
595,2014-08-19,466573.42,18102
596,2014-08-20,569746.37,31913
597,2014-08-21,579518.45,30739
598,2014-08-22,662844.31,31387
599,2014-08-23,437467.11,27993
600,2014-08-24,620213.96,34492
601,2014-08-25,821987.52,36773
602,2014-08-26,804425.86,34704
603,2014-08-27,856857.83,38871
604,2014-08-28,1279511.75,54237
605,2014-08-29,1740751.77,80703
606,2014-08-30,1151321.83,62168
607,2014-08-31,1914329.7,82507
608,2014-09-01,470689.5,18766
609,2014-09-02,513464.32,15341
610,2014-09-03,671534.43,20140
611,2014-09-04,752062.27,21732
612,2014-09-05,676591.82,23768
613,2014-09-06,474050.56,23070
614,2014-09-07,435554.07,19832
615,2014-09-08,829341.53,30971
616,2014-09-09,734451.61,29477
617,2014-09-10,814428.02,34364
618,2014-09-11,539775.31,23357
619,2014-09-12,732618.69,31459
620,2014-09-13,628772.2,31077
621,2014-09-14,647539.96,30989
622,2014-09-15,1243374.27,49057
623,2014-09-16,966217.69,36048
624,2014-09-17,826871.52,29280
625,2014-09-18,1210499.26,48822
626,2014-09-19,1118386.72,45225
627,2014-09-20,835380.19,39103
628,2014-09-21,646937.69,28486
629,2014-09-22,1172994.22,40165
630,2014-09-23,1227362.1,39562
631,2014-09-24,1211925.2,43087
632,2014-09-25,1303835.23,49174
633,2014-09-26,1457173.85,54681
634,2014-09-27,1136452.9,50089
635,2014-09-28,1499493.06,65671
636,2014-09-29,2969838.76,104012
637,2014-09-30,5197634.79,181666
638,2014-10-01,1472881.95,54733
639,2014-10-02,875115.14,30704
640,2014-10-03,807725.24,28241
641,2014-10-04,547517.06,25774
642,2014-10-05,661658.84,28950
643,2014-10-06,1289357.76,45888
644,2014-10-07,1688505.49,64385
645,2014-10-08,1210986.9,43581
646,2014-10-09,1211711.77,45462
647,2014-10-10,1057226.29,39972
648,2014-10-11,812459.25,40216
649,2014-10-12,1213766.66,57085
650,2014-10-13,1594722.32,63854
651,2014-10-14,1962418.8,80953
652,2014-10-15,3069732.17,127034
653,2014-10-16,1829493.45,73087
654,2014-10-17,1249547.93,47959
655,2014-10-18,960050.83,43447
656,2014-10-19,1041317.52,48067
657,2014-10-20,2066082.84,74219
658,2014-10-21,2204504.17,81598
659,2014-10-22,1926780.44,69548
660,2014-10-23,1766669.35,63026
661,2014-10-24,1840162.19,63681
662,2014-10-25,1249251.75,53811
663,2014-10-26,1457460.63,61451
664,2014-10-27,2309201.38,91802
665,2014-10-28,2601313.19,106887
666,2014-10-29,1919119.33,74802
667,2014-10-30,2374580.85,92928
668,2014-10-31,2581784.02,109982
669,2014-11-01,1506655.04,72755
670,2014-11-02,1830218.74,94949
671,2014-11-03,2056993.5,98991
672,2014-11-04,1091998.02,57406
673,2014-11-05,186455.56,7835
674,2014-11-06,279886.07,16238
675,2014-11-07,342960.22,20057
676,2014-11-08,164623.9,9694
677,2014-11-09,115424.86,8330
678,2014-11-10,213906.36,12248
679,2014-11-11,159199.38,9165
680,2014-11-12,148931.25,8246
681,2014-11-13,220738.39,11959
682,2014-11-14,189567.94,9579
683,2014-11-15,260479.65,14822
684,2014-11-16,209846.49,10983
685,2014-11-17,165657.35,10099
686,2014-11-18,165939.21,9325
687,2014-11-19,166070.33,9373
688,2014-11-20,250852.4,14385
689,2014-11-21,374181.11,18805
690,2014-11-22,203237.05,11775
691,2014-11-23,156511.84,9208
692,2014-11-24,257426.49,12681
693,2014-11-25,259254.05,11141
694,2014-11-26,167664.33,9455
695,2014-11-27,176933.77,11018
696,2014-11-28,257898.77,15270
697,2014-11-29,238713.63,13574
698,2014-11-30,652165.11,38575
699,2014-12-01,230503.45,9999
700,2014-12-02,374672.86,20055
701,2014-12-03,316097.48,16542
702,2014-12-04,171251.73,9155
703,2014-12-05,110818.98,4778
704,2014-12-06,80255.65,5236
705,2014-12-07,44798.86,3746
706,2014-12-08,64467.44,4708
707,2014-12-09,77702.65,5501
708,2014-12-10,92205.88,6613
709,2014-12-11,124572.09,11855
710,2014-12-12,92259.81,10131
711,2014-12-13,93210.48,7160
712,2014-12-14,66972.8,5177
713,2014-12-15,176955.69,10491
714,2014-12-16,151502.82,7357
715,2014-12-17,87001.57,5878
716,2014-12-18,76766.79,5139
717,2014-12-19,83727.51,6099
718,2014-12-20,143361.45,9909
719,2014-12-21,130358.63,7959
720,2014-12-22,166989.65,6255
721,2014-12-23,108343.46,6419
722,2014-12-24,109692.34,7202
723,2014-12-25,104602.42,7046
724,2014-12-26,132947.51,6758
725,2014-12-27,141901.95,8844
726,2014-12-28,240019.78,15666
727,2014-12-29,189481.33,11653
728,2014-12-30,307199.32,18603
729,2014-12-31,356375.16,21391
730,2015-01-01,125069.05,7415
731,2015-01-02,149809.06,8650
732,2015-01-03,145886.13,8334
733,2015-01-04,78531.95,4476
734,2015-01-05,41663.79,2721
735,2015-01-06,88701.69,5913
736,2015-01-07,81773.75,4495
737,2015-01-08,97062.27,4745
738,2015-01-09,92499.01,6653
739,2015-01-10,78400.85,5974
740,2015-01-11,61371.09,5570
741,2015-01-12,84364.19,6481
742,2015-01-13,217211.7,9861
743,2015-01-14,163007.77,8085
744,2015-01-15,236838.51,11276
745,2015-01-16,172455.97,9729
746,2015-01-17,88551.14,6691
747,2015-01-18,93429.03,6491
748,2015-01-19,89193.67,6638
749,2015-01-20,273774.67,15383
750,2015-01-21,295911.87,16817
751,2015-01-22,236316.74,13738
752,2015-01-23,140667.66,7662
753,2015-01-24,128708.21,8053
754,2015-01-25,147568.1,7801
755,2015-01-26,157859.32,10442
756,2015-01-27,233436.77,14479
757,2015-01-28,319226.2,18833
758,2015-01-29,270369.44,15276
759,2015-01-30,372855.09,20923
760,2015-01-31,578728.21,33611
761,2015-02-01,191009.55,10018
762,2015-02-02,205516.14,8496
763,2015-02-03,182437.49,7967
764,2015-02-04,145379.94,4732
765,2015-02-05,113140.6,4239
766,2015-02-06,134056.96,6469
767,2015-02-07,65498.23,3283
768,2015-02-08,54726.35,2968
769,2015-02-09,146620.94,6513
770,2015-02-10,180956.26,29705
771,2015-02-11,197046.1,15631
772,2015-02-12,157886.28,11619
773,2015-02-13,219156.9,12272
774,2015-02-14,120019.43,8903
775,2015-02-15,134036.85,9744
776,2015-02-16,159472.07,6330
777,2015-02-17,190203.75,7058
778,2015-02-18,186253.57,8013
779,2015-02-19,204720.44,8062
780,2015-02-20,223471.2,10914
781,2015-02-21,171593.2,9038
782,2015-02-22,119088.58,6308
783,2015-02-23,179941.26,6825
784,2015-02-24,220366.3,10453
785,2015-02-25,246328.0,13051
786,2015-02-26,274261.23,11649
787,2015-02-27,388507.34,20300
788,2015-02-28,916790.64,57418
789,2015-03-01,216873.96,8593
790,2015-03-02,213927.49,7740
791,2015-03-03,219403.27,7973
792,2015-03-04,207215.87,7958
793,2015-03-05,145613.87,5591
794,2015-03-06,153826.79,6507
795,2015-03-07,87178.68,4938
796,2015-03-08,87249.37,4008
797,2015-03-09,165807.87,4905
798,2015-03-10,216586.73,8931
799,2015-03-11,246672.18,8008
800,2015-03-12,290737.72,12786
801,2015-03-13,314248.42,14447
802,2015-03-14,155565.01,8569
803,2015-03-15,171925.03,9241
804,2015-03-16,264763.09,9921
805,2015-03-17,269944.57,14754
806,2015-03-18,295554.54,12128
807,2015-03-19,285774.1,13951
808,2015-03-20,309751.65,13399
809,2015-03-21,151627.22,11360
810,2015-03-22,151145.8,8174
811,2015-03-23,347596.9,9475
812,2015-03-24,507635.52,22101
813,2015-03-25,488018.92,19971
814,2015-03-26,496586.46,20588
815,2015-03-27,558243.89,22702
816,2015-03-28,401008.37,20502
817,2015-03-29,478254.2,22630
818,2015-03-30,1127443.42,38640
819,2015-03-31,1824658.53,54102
820,2015-04-01,332355.23,11298
821,2015-04-02,231071.71,8344
822,2015-04-03,187087.22,8331
823,2015-04-04,123848.02,6763
824,2015-04-05,80168.45,4188
825,2015-04-06,157617.44,5184
826,2015-04-07,133970.99,6046
827,2015-04-08,182383.81,8732
828,2015-04-09,175990.87,9544
829,2015-04-10,157858.79,7761
830,2015-04-11,130075.41,7941
831,2015-04-12,288297.85,16248
832,2015-04-13,291577.62,14592
833,2015-04-14,185285.29,9328
834,2015-04-15,231773.75,11358
835,2015-04-16,289328.56,11101
836,2015-04-17,230985.23,10730
837,2015-04-18,143527.33,9199
838,2015-04-19,136330.17,12817
839,2015-04-20,244950.45,15076
840,2015-04-21,269210.98,13958
841,2015-04-22,236039.84,12183
842,2015-04-23,206339.03,11310
843,2015-04-24,221537.11,11249
844,2015-04-25,137764.08,9875
845,2015-04-26,175692.81,10316
846,2015-04-27,263966.58,14147
847,2015-04-28,309567.07,18786
848,2015-04-29,455848.6,22978
849,2015-04-30,2107825.12,84846
850,2015-05-01,932829.77,30699
851,2015-05-02,808426.79,29926
852,2015-05-03,459526.04,17545
853,2015-05-04,431481.97,12897
854,2015-05-05,508954.48,13668
855,2015-05-06,425074.9,15693
856,2015-05-07,474111.67,16906
857,2015-05-08,338017.88,10257
858,2015-05-09,164891.36,7946
859,2015-05-10,212823.6,8784
860,2015-05-11,356045.97,11557
861,2015-05-12,397925.91,18868
862,2015-05-13,414749.13,19962
863,2015-05-14,721043.97,28557
864,2015-05-15,557671.8,17216
865,2015-05-16,239596.08,13373
866,2015-05-17,253071.82,10220
867,2015-05-18,359088.15,12507
868,2015-05-19,459577.89,21649
869,2015-05-20,355184.09,16104
870,2015-05-21,346827.99,13514
871,2015-05-22,277181.32,11756
872,2015-05-23,161599.14,10968
873,2015-05-24,144510.67,9663
874,2015-05-25,185241.17,9872
875,2015-05-26,912278.0,35983
876,2015-05-27,700602.24,25696
877,2015-05-28,616659.89,26180
878,2015-05-29,526342.36,22274
879,2015-05-30,605243.88,34176
880,2015-05-31,756318.33,37256
881,2015-06-01,467564.52,15851
882,2015-06-02,590166.82,18571
883,2015-06-03,491916.51,16598
884,2015-06-04,367472.55,11239
885,2015-06-05,300206.56,11538
886,2015-06-06,183667.52,9089
887,2015-06-07,175633.03,9431
888,2015-06-08,322843.34,9043
889,2015-06-09,298487.93,8658
890,2015-06-10,405088.1,14845
891,2015-06-11,383162.87,15217
892,2015-06-12,531065.33,24046
893,2015-06-13,499009.68,26937
894,2015-06-14,366111.48,20427
895,2015-06-15,504732.56,19164
896,2015-06-16,494238.31,15199
897,2015-06-17,429756.33,14256
898,2015-06-18,385040.98,10758
899,2015-06-19,468803.9,14707
900,2015-06-20,320038.07,15770
901,2015-06-21,231254.13,13027
902,2015-06-22,513443.53,14904
903,2015-06-23,693938.16,26236
904,2015-06-24,548769.0,19137
905,2015-06-25,787626.55,24645
906,2015-06-26,957787.6,37614
907,2015-06-27,744611.02,32971
908,2015-06-28,655979.12,31623
909,2015-06-29,1586022.08,49716
910,2015-06-30,4073911.92,136797
911,2015-07-01,678599.45,25002
912,2015-07-02,520220.37,22118
913,2015-07-03,420092.74,19232
914,2015-07-04,191705.58,9691
915,2015-07-05,173683.46,9075
916,2015-07-06,345596.86,15383
917,2015-07-07,354807.6,13826
918,2015-07-08,362818.03,14717
919,2015-07-09,363964.14,16214
920,2015-07-10,445682.73,21413
921,2015-07-11,229857.29,12499
922,2015-07-12,242286.99,14633
923,2015-07-13,346521.01,17620
924,2015-07-14,406551.85,18854
925,2015-07-15,522216.79,26274
926,2015-07-16,391183.79,15934
927,2015-07-17,262037.41,12679
928,2015-07-18,184595.32,10965
929,2015-07-19,203532.92,11713
930,2015-07-20,319413.91,18875
931,2015-07-21,315712.95,15870
932,2015-07-22,265580.54,15159
933,2015-07-23,308054.43,16651
934,2015-07-24,296665.03,15404
935,2015-07-25,267021.99,16481
936,2015-07-26,295048.79,20637
937,2015-07-27,532726.09,28069
938,2015-07-28,515413.48,28262
939,2015-07-29,532904.09,28225
940,2015-07-30,1009477.19,55794
941,2015-07-31,877119.72,46126
942,2015-08-01,310801.55,16873
943,2015-08-02,255578.55,13214
944,2015-08-03,341798.15,17013
945,2015-08-04,317454.36,14681
946,2015-08-05,298734.3,13732
947,2015-08-06,423697.82,19837
948,2015-08-07,422340.27,18790
949,2015-08-08,237233.72,12514
950,2015-08-09,235326.35,12972
951,2015-08-10,403397.24,17301
952,2015-08-11,470105.44,19079
953,2015-08-12,560973.25,26220
954,2015-08-13,559056.86,30968
955,2015-08-14,427222.55,22501
956,2015-08-15,281669.11,16644
957,2015-08-16,261473.3,13892
958,2015-08-17,359296.53,17881
959,2015-08-18,341067.68,16737
960,2015-08-19,467903.87,22559
961,2015-08-20,426843.98,20513
962,2015-08-21,475092.87,26388
963,2015-08-22,238338.96,14784
964,2015-08-23,231320.51,14791
965,2015-08-24,302863.89,16416
966,2015-08-25,343139.77,18783
967,2015-08-26,530266.1,26111
968,2015-08-27,483529.18,30655
969,2015-08-28,490636.28,26963
970,2015-08-29,440817.61,23939
971,2015-08-30,759819.07,42789
972,2015-08-31,1364325.67,65612
973,2015-09-01,516763.03,22135
974,2015-09-02,494493.81,21741
975,2015-09-03,513759.75,21643
976,2015-09-04,305847.96,13243
977,2015-09-05,342827.84,16713
978,2015-09-06,252435.1,12663
979,2015-09-07,330307.97,16798
980,2015-09-08,713613.7,30507
981,2015-09-09,381963.51,15340
982,2015-09-10,552568.35,22458
983,2015-09-11,343139.89,12186
984,2015-09-12,342354.75,17778
985,2015-09-13,351978.64,22859
986,2015-09-14,545237.17,26025
987,2015-09-15,1042838.11,51788
988,2015-09-16,864078.29,42332
989,2015-09-17,889755.53,43143
990,2015-09-18,724519.81,25304
991,2015-09-19,531725.26,22399
992,2015-09-20,465576.41,21179
993,2015-09-21,773759.17,31740
994,2015-09-22,759747.98,26092
995,2015-09-23,1049480.97,49418
996,2015-09-24,816040.16,29378
997,2015-09-25,834922.64,29455
998,2015-09-26,660459.11,33995
999,2015-09-27,657003.32,30167
1000,2015-09-28,1436493.0,46836
1001,2015-09-29,2142343.7,60275
1002,2015-09-30,4935177.26,185266
1003,2015-10-01,880819.42,34373
1004,2015-10-02,491495.91,20512
1005,2015-10-03,307891.58,15940
1006,2015-10-04,273408.53,12539
1007,2015-10-05,608109.76,21307
1008,2015-10-06,425301.42,17480
1009,2015-10-07,630414.76,24440
1010,2015-10-08,576816.35,23204
1011,2015-10-09,361566.16,16779
1012,2015-10-10,333524.6,19440
1013,2015-10-11,236840.36,13226
1014,2015-10-12,324552.02,18566
1015,2015-10-13,956538.63,50696
1016,2015-10-14,1206342.98,56111
1017,2015-10-15,609984.57,29977
1018,2015-10-16,525921.5,23249
1019,2015-10-17,409874.23,22466
1020,2015-10-18,364696.99,17385
1021,2015-10-19,728732.12,31722
1022,2015-10-20,514235.3,24108
1023,2015-10-21,509315.57,31256
1024,2015-10-22,494415.71,25278
1025,2015-10-23,527631.88,24374
1026,2015-10-24,325015.77,19833
1027,2015-10-25,305280.98,18323
1028,2015-10-26,496121.91,22498
1029,2015-10-27,464706.67,22634
1030,2015-10-28,775717.72,39033
1031,2015-10-29,802801.13,39793
1032,2015-10-30,1049153.83,52855
1033,2015-10-31,865003.06,45308
1034,2015-11-01,367284.34,19448
1035,2015-11-02,427102.45,18975
1036,2015-11-03,389639.52,19730
1037,2015-11-04,925702.24,50477
1038,2015-11-05,919546.15,49611
1039,2015-11-06,519116.58,24145
1040,2015-11-07,334926.36,16788
1041,2015-11-08,334516.13,19884
1042,2015-11-09,494385.2,20327
1043,2015-11-10,522471.61,21268
1044,2015-11-11,415688.52,19487
1045,2015-11-12,431112.61,20186
1046,2015-11-13,481293.56,26110
1047,2015-11-14,502326.03,29330
1048,2015-11-15,638217.64,34725
1049,2015-11-16,595297.83,27777
1050,2015-11-17,481403.29,24079
1051,2015-11-18,396056.28,18051
1052,2015-11-19,470514.39,21819
1053,2015-11-20,566817.17,26029
1054,2015-11-21,336063.73,23489
1055,2015-11-22,352105.82,18528
1056,2015-11-23,398429.86,20925
1057,2015-11-24,399193.13,21918
1058,2015-11-25,343486.1,19096
1059,2015-11-26,225915.93,15653
1060,2015-11-27,284454.42,17819
1061,2015-11-28,459157.92,30802
1062,2015-11-29,585410.62,36088
1063,2015-11-30,1553732.05,83316
1064,2015-12-01,585611.75,25426
1065,2015-12-02,357482.29,15978
1066,2015-12-03,480579.77,23723
1067,2015-12-04,547845.86,27443
1068,2015-12-05,304061.18,16979
1069,2015-12-06,271809.26,14572
1070,2015-12-07,594148.11,28222
1071,2015-12-08,872134.66,43473
1072,2015-12-09,643007.12,24269
1073,2015-12-10,505447.19,21326
1074,2015-12-11,525087.38,19737
1075,2015-12-12,483342.35,26657
1076,2015-12-13,449744.33,27475
1077,2015-12-14,1072406.94,59025
1078,2015-12-15,1192845.48,67367
1079,2015-12-16,1777820.1,111802
1080,2015-12-17,848028.9,34246
1081,2015-12-18,1192035.43,60474
1082,2015-12-19,757338.76,44371
1083,2015-12-20,704318.31,41659
1084,2015-12-21,797604.67,37013
1085,2015-12-22,718223.7,27575
1086,2015-12-23,884960.09,40412
1087,2015-12-24,398553.12,20538
1088,2015-12-25,218418.25,14304
1089,2015-12-26,347648.78,19228
1090,2015-12-27,469341.92,26547
1091,2015-12-28,1598754.9,69825
1092,2015-12-29,1941464.31,88110
1093,2015-12-30,2740106.23,115017
1094,2015-12-31,4799390.29,196383
1095,2016-01-01,444864.92,25672
1096,2016-01-02,250984.83,16033
1097,2016-01-03,290729.76,16774
1098,2016-01-04,481446.34,25480
1099,2016-01-05,562818.58,29034
1100,2016-01-06,538646.82,28323
1101,2016-01-07,614816.82,36143
1102,2016-01-08,595653.51,33272
1103,2016-01-09,345265.42,20913
1104,2016-01-10,766590.98,41855
1105,2016-01-11,911208.27,43449
1106,2016-01-12,1328657.81,60079
1107,2016-01-13,1084601.0,56454
1108,2016-01-14,1163921.46,57729
1109,2016-01-15,703259.69,40030
1110,2016-01-16,735338.5,40396
1111,2016-01-17,1073444.9,58738
1112,2016-01-18,955775.28,50139
1113,2016-01-19,1113372.04,54336
1114,2016-01-20,853783.11,40066
1115,2016-01-21,1072862.81,60358
1116,2016-01-22,829989.06,38578
1117,2016-01-23,597295.46,35108
1118,2016-01-24,499817.63,26896
1119,2016-01-25,1333405.09,61571
1120,2016-01-26,1271250.47,62032
1121,2016-01-27,1685743.79,85317
1122,2016-01-28,1832510.4,97576
1123,2016-01-29,2809445.98,147146
1124,2016-01-30,2023502.0,106615
1125,2016-01-31,2135695.93,108581
1126,2016-02-01,1314869.42,60390
1127,2016-02-02,3499098.98,147672
1128,2016-02-03,1273244.64,57129
1129,2016-02-04,1350279.73,59353
1130,2016-02-05,1226729.17,52097
1131,2016-02-06,601045.67,32266
1132,2016-02-07,678093.82,34873
1133,2016-02-08,1106281.75,53737
1134,2016-02-09,2660725.38,105961
1135,2016-02-10,5863226.3,227629
1136,2016-02-11,1769841.3,71687
1137,2016-02-12,1749800.29,76829
1138,2016-02-13,938784.74,48643
1139,2016-02-14,883549.94,45987
1140,2016-02-15,965581.83,49628
1141,2016-02-16,1620421.03,74981
1142,2016-02-17,1393062.23,64932
1143,2016-02-18,1374145.4,63764
1144,2016-02-19,1032079.55,47352
1145,2016-02-20,1819901.52,83651
1146,2016-02-21,1475477.64,72817
1147,2016-02-22,1338064.8,53585
1148,2016-02-23,2132025.41,93411
1149,2016-02-24,1879606.29,82558
1150,2016-02-25,1614196.33,74735
1151,2016-02-26,1978412.3,98079
1152,2016-02-27,1900772.34,91263
1153,2016-02-28,2499015.31,126520
1154,2016-02-29,7961436.56,399674
1155,2016-03-01,1878309.4,84838
1156,2016-03-02,2261263.15,102945
1157,2016-03-03,1209001.32,55041
1158,2016-03-04,1275293.98,60316
1159,2016-03-05,1462998.67,77267
1160,2016-03-06,2066051.73,108707
1161,2016-03-07,1591059.29,65009
1162,2016-03-08,1769179.44,78887
1163,2016-03-09,4413892.26,188189
1164,2016-03-10,1603941.77,68247
1165,2016-03-11,1617024.12,68250
1166,2016-03-12,1760999.95,80268
1167,2016-03-13,1905137.91,92938
1168,2016-03-14,3488830.06,166245
1169,2016-03-15,1470519.54,65980
1170,2016-03-16,2853413.02,128457
1171,2016-03-17,2155129.51,95677
1172,2016-03-18,1409916.32,56506
1173,2016-03-19,856336.22,45547
1174,2016-03-20,1004144.1,50265
1175,2016-03-21,1707416.27,73483
1176,2016-03-22,1185262.71,47963
1177,2016-03-23,1953014.98,82331
1178,2016-03-24,1465084.74,59263
1179,2016-03-25,1555885.22,65044
1180,2016-03-26,1552769.5,70944
1181,2016-03-27,2080277.45,92512
1182,2016-03-28,2551430.07,97016
1183,2016-03-29,3384018.12,162155
1184,2016-03-30,4793260.85,273464
1185,2016-03-31,8121773.82,360738
1186,2016-04-01,1771505.36,86667
1187,2016-04-02,719040.33,37026
1188,2016-04-03,972942.6,45734
1189,2016-04-04,1129245.26,49294
1190,2016-04-05,1457085.24,62800
1191,2016-04-06,2270988.91,98296
1192,2016-04-07,1408263.9,58752
1193,2016-04-08,2644366.47,113077
1194,2016-04-09,1648418.68,78304
1195,2016-04-10,1018557.16,50204
1196,2016-04-11,1038100.96,40554
1197,2016-04-12,1048195.47,46003
1198,2016-04-13,1728014.17,108552
1199,2016-04-14,1877547.36,94724
1200,2016-04-15,2041165.78,94176
1201,2016-04-16,1120125.01,57967
1202,2016-04-17,1682148.01,80105
1203,2016-04-18,1721761.41,77877
1204,2016-04-19,1390842.23,63059
1205,2016-04-20,1773476.36,85538
1206,2016-04-21,1031547.64,46276
1207,2016-04-22,1065020.03,43488
1208,2016-04-23,748213.61,41188
1209,2016-04-24,589494.5,32813
1210,2016-04-25,1088470.8,47002
1211,2016-04-26,1153750.85,57605
1212,2016-04-27,1463787.43,69958
1213,2016-04-28,1610231.43,75816
1214,2016-04-29,2064729.28,102510
1215,2016-04-30,4002857.56,213372
1216,2016-05-01,756329.79,38397
1217,2016-05-02,1080202.43,44535
1218,2016-05-03,1628813.23,75492
1219,2016-05-04,2292303.89,105409
1220,2016-05-05,1070857.89,42721
1221,2016-05-06,917871.16,35444
1222,2016-05-07,657408.08,35779
1223,2016-05-08,660967.8,35390
1224,2016-05-09,895003.35,36079
1225,2016-05-10,1498133.01,58689
1226,2016-05-11,1275626.59,54175
1227,2016-05-12,1086395.61,39332
1228,2016-05-13,905723.81,40796
1229,2016-05-14,780673.9,42130
1230,2016-05-15,808036.41,41936
1231,2016-05-16,917569.75,37831
1232,2016-05-17,809426.73,34295
1233,2016-05-18,1487250.96,64462
1234,2016-05-19,1108503.07,41200
1235,2016-05-20,981273.14,43277
1236,2016-05-21,981241.89,50192
1237,2016-05-22,1105053.17,61149
1238,2016-05-23,942092.28,39878
1239,2016-05-24,848926.74,41314
1240,2016-05-25,899158.19,41057
1241,2016-05-26,1301012.66,59231
1242,2016-05-27,1228705.03,61976
1243,2016-05-28,1227951.75,68673
1244,2016-05-29,1137021.4,61195
1245,2016-05-30,1181513.14,60668
1246,2016-05-31,3944670.87,158594
1247,2016-06-01,1332747.91,51742
1248,2016-06-02,1138820.82,41074
1249,2016-06-03,778330.78,31294
1250,2016-06-04,863025.37,48558
1251,2016-06-05,602029.19,29932
1252,2016-06-06,856643.57,29677
1253,2016-06-07,1388109.22,80381
1254,2016-06-08,1639168.46,74268
1255,2016-06-09,882439.21,38550
1256,2016-06-10,691868.6,31941
1257,2016-06-11,693979.91,45005
1258,2016-06-12,556170.98,28321
1259,2016-06-13,762119.47,29588
1260,2016-06-14,790580.98,34407
1261,2016-06-15,1050334.5,48129
1262,2016-06-16,1157179.1,48313
1263,2016-06-17,920630.01,40121
1264,2016-06-18,578300.42,36029
1265,2016-06-19,543300.72,29268
1266,2016-06-20,952220.81,39674
1267,2016-06-21,1038246.96,44260
1268,2016-06-22,1340714.47,52410
1269,2016-06-23,1628313.95,73697
1270,2016-06-24,918204.51,39319
1271,2016-06-25,683168.86,33767
1272,2016-06-26,672821.72,31380
1273,2016-06-27,1240082.82,42061
1274,2016-06-28,2106861.29,79926
1275,2016-06-29,2705572.48,100252
1276,2016-06-30,4946319.15,175181
1277,2016-07-01,899448.85,39960
1278,2016-07-02,387199.54,21739
1279,2016-07-03,283973.99,18686
1280,2016-07-04,327582.78,19450
1281,2016-07-05,651205.4,28280
1282,2016-07-06,787126.74,42973
1283,2016-07-07,817303.28,40168
1284,2016-07-08,505676.15,20816
1285,2016-07-09,398594.4,20776
1286,2016-07-10,382576.15,20207
1287,2016-07-11,609853.02,24062
1288,2016-07-12,802931.1,33832
1289,2016-07-13,898315.5,39812
1290,2016-07-14,919367.61,38294
1291,2016-07-15,827885.58,34367
1292,2016-07-16,588524.58,32118
1293,2016-07-17,417584.16,24350
1294,2016-07-18,821708.65,33422
1295,2016-07-19,920509.24,39140
1296,2016-07-20,1250917.3,52222
1297,2016-07-21,1302076.86,62918
1298,2016-07-22,1436579.51,61428
1299,2016-07-23,763405.44,35447
1300,2016-07-24,549175.5,29971
1301,2016-07-25,883006.86,40748
1302,2016-07-26,1009734.49,48957
1303,2016-07-27,1120533.57,65436
1304,2016-07-28,1801203.9,82396
1305,2016-07-29,1708045.05,72591
1306,2016-07-30,1550209.91,67738
1307,2016-07-31,2318856.9,90488
1308,2016-08-01,977162.05,32800
1309,2016-08-02,701979.5,27707
1310,2016-08-03,870960.2,40578
1311,2016-08-04,1482659.18,64880
1312,2016-08-05,881106.37,37880
1313,2016-08-06,608333.51,30009
1314,2016-08-07,661293.82,34698
1315,2016-08-08,824870.21,28690
1316,2016-08-09,1266008.28,43682
1317,2016-08-10,976124.29,35653
1318,2016-08-11,870644.54,29075
1319,2016-08-12,889035.79,44202
1320,2016-08-13,620618.55,27962
1321,2016-08-14,608983.65,27400
1322,2016-08-15,1199617.54,44985
1323,2016-08-16,1095561.52,42412
1324,2016-08-17,1025808.62,36974
1325,2016-08-18,900517.6,36613
1326,2016-08-19,845902.11,33632
1327,2016-08-20,709241.02,28113
1328,2016-08-21,634915.24,28228
1329,2016-08-22,1096823.16,34200
1330,2016-08-23,988061.76,33964
1331,2016-08-24,1168353.5,44244
1332,2016-08-25,1063145.56,38513
1333,2016-08-26,976713.94,35476
1334,2016-08-27,780433.14,40596
1335,2016-08-28,1242668.32,68019
1336,2016-08-29,2028159.76,91684
1337,2016-08-30,2139706.66,92995
1338,2016-08-31,2805382.67,105178
1339,2016-09-01,997520.39,36378
1340,2016-09-02,711690.24,27559
1341,2016-09-03,460579.06,23940
1342,2016-09-04,490858.85,22247
1343,2016-09-05,535217.37,20148
1344,2016-09-06,990656.48,30080
1345,2016-09-07,1091427.41,35360
1346,2016-09-08,1347901.93,50582
1347,2016-09-09,1058107.73,39454
1348,2016-09-10,893156.54,32750
1349,2016-09-11,544550.16,26547
1350,2016-09-12,1149814.94,34039
1351,2016-09-13,1284825.46,39526
1352,2016-09-14,1288503.51,38888
1353,2016-09-15,1910254.47,59609
1354,2016-09-16,1736585.52,55713
1355,2016-09-17,1176431.36,40838
1356,2016-09-18,954371.68,36288
1357,2016-09-19,1716366.19,51239
1358,2016-09-20,1768916.14,53083
1359,2016-09-21,2372320.94,59472
1360,2016-09-22,1868161.9,63166
1361,2016-09-23,1643341.33,54759
1362,2016-09-24,1189546.38,47393
1363,2016-09-25,1202857.31,49132
1364,2016-09-26,2526407.55,87027
1365,2016-09-27,2794945.58,102567
1366,2016-09-28,2643104.45,89281
1367,2016-09-29,3570426.64,116169
1368,2016-09-30,7235298.43,205920
1369,2016-10-01,1603596.66,58701
1370,2016-10-02,901108.22,37287
1371,2016-10-03,1427744.71,45405
1372,2016-10-04,1642373.2,47555
1373,2016-10-05,1525532.22,52645
1374,2016-10-06,1913831.06,60029
1375,2016-10-07,1692556.35,57983
1376,2016-10-08,1676451.85,70970
1377,2016-10-09,1507238.41,62909
1378,2016-10-10,2272324.12,77168
1379,2016-10-11,2169945.13,73369
1380,2016-10-12,2044587.92,70461
1381,2016-10-13,2415230.08,72828
1382,2016-10-14,2381720.41,76712
1383,2016-10-15,1977818.1,86599
1384,2016-10-16,1526557.83,63212
1385,2016-10-17,2425344.4,79450
1386,2016-10-18,3628207.56,213086
1387,2016-10-19,4256580.07,308128
1388,2016-10-20,2823254.19,216654
1389,2016-10-21,2670846.43,144865
1390,2016-10-22,1879046.78,94146
1391,2016-10-23,1943934.8,78057
1392,2016-10-24,2670538.54,96388
1393,2016-10-25,2708244.95,101142
1394,2016-10-26,2826023.77,116184
1395,2016-10-27,2822648.19,106323
1396,2016-10-28,3262907.06,129290
1397,2016-10-29,2872239.89,123618
1398,2016-10-30,3133974.69,130223
1399,2016-10-31,4575963.99,174459
1400,2016-11-01,3274316.81,141450
1401,2016-11-02,3708994.74,171706
1402,2016-11-03,3815123.74,185992
1403,2016-11-04,3976402.63,183011
1404,2016-11-05,3077776.21,143177
1405,2016-11-06,2952000.87,134793
1406,2016-11-07,3152297.89,139818
1407,2016-11-08,1233365.05,59705
1408,2016-11-09,262063.56,17107
1409,2016-11-10,513460.63,30440
1410,2016-11-11,390655.94,23403
1411,2016-11-12,377422.69,23744
1412,2016-11-13,441901.33,22757
1413,2016-11-14,847539.7,35336
1414,2016-11-15,912968.51,42856
1415,2016-11-16,757429.15,36320
1416,2016-11-17,653324.04,31786
1417,2016-11-18,553686.61,29176
1418,2016-11-19,382377.4,23396
1419,2016-11-20,376342.87,23459
1420,2016-11-21,519978.69,30026
1421,2016-11-22,503270.68,32507
1422,2016-11-23,330319.59,21464
1423,2016-11-24,299340.01,18262
1424,2016-11-25,372324.12,20939
1425,2016-11-26,337986.5,20590
1426,2016-11-27,439546.78,25244
1427,2016-11-28,654308.2,35549
1428,2016-11-29,834687.3,46500
1429,2016-11-30,1385307.16,77482
1430,2016-12-01,400482.23,25289
1431,2016-12-02,495716.44,29114
1432,2016-12-03,393969.55,23628
1433,2016-12-04,398466.9,23539
1434,2016-12-05,538103.02,32275
1435,2016-12-06,509191.14,29447
1436,2016-12-07,627498.68,33266
1437,2016-12-08,484558.13,29904
1438,2016-12-09,349299.18,22679
1439,2016-12-10,257237.89,19069
1440,2016-12-11,207339.71,14854
1441,2016-12-12,296593.24,18953
1442,2016-12-13,333941.68,20026
1443,2016-12-14,339463.14,23157
1444,2016-12-15,417970.38,27098
1445,2016-12-16,369748.79,23989
1446,2016-12-17,257501.09,18652
1447,2016-12-18,233061.1,16429
1448,2016-12-19,316727.99,19816
1449,2016-12-20,361850.11,20137
1450,2016-12-21,287598.03,18507
1451,2016-12-22,315421.24,18868
1452,2016-12-23,259190.67,14626
1453,2016-12-24,173362.93,12229
1454,2016-12-25,147236.03,11127
1455,2016-12-26,207596.69,13987
1456,2016-12-27,349223.55,21117
1457,2016-12-28,474072.58,28738
1458,2016-12-29,759879.75,36131
1459,2016-12-30,815233.87,43001
1460,2016-12-31,1068018.92,47810
1461,2017-01-01,330190.48,22072
1462,2017-01-02,311352.71,20236
1463,2017-01-03,337788.16,19937
1464,2017-01-04,403995.01,20702
1465,2017-01-05,390053.43,21254
1466,2017-01-06,569109.92,32854
1467,2017-01-07,486465.7,33220
1468,2017-01-08,335634.12,23395
1469,2017-01-09,483851.48,22842
1470,2017-01-10,561789.47,40626
1471,2017-01-11,498890.86,32612
1472,2017-01-12,520358.62,29273
1473,2017-01-13,408454.45,26410
1474,2017-01-14,510024.42,39317
1475,2017-01-15,550623.14,42854
1476,2017-01-16,377530.55,25287
1477,2017-01-17,593998.18,34322
1478,2017-01-18,621959.03,31568
1479,2017-01-19,779305.77,45894
1480,2017-01-20,948895.47,59815
1481,2017-01-21,487528.85,35253
1482,2017-01-22,586596.55,35605
1483,2017-01-23,701385.85,35905
1484,2017-01-24,824939.26,43828
1485,2017-01-25,794073.37,42499
1486,2017-01-26,823351.0,45068
1487,2017-01-27,779003.11,41752
1488,2017-01-28,725131.33,45303
1489,2017-01-29,1108478.19,68251
1490,2017-01-30,1627343.05,89422
1491,2017-01-31,2388443.94,128213
1492,2017-02-01,1079401.0,59292
1493,2017-02-02,976431.61,51115
1494,2017-02-03,947933.64,48664
1495,2017-02-04,652205.77,37973
1496,2017-02-05,525340.41,32990
1497,2017-02-06,768170.38,34498
1498,2017-02-07,915443.65,43626
1499,2017-02-08,1717366.35,96266
1500,2017-02-09,1064397.1,59333
1501,2017-02-10,798399.94,43326
1502,2017-02-11,666086.6,41284
1503,2017-02-12,465304.87,28576
1504,2017-02-13,896931.23,37104
1505,2017-02-14,671607.42,35488
1506,2017-02-15,938468.6,53301
1507,2017-02-16,989757.82,49836
1508,2017-02-17,997566.09,52359
1509,2017-02-18,566216.92,36589
1510,2017-02-19,598597.19,39716
1511,2017-02-20,739235.7,39048
1512,2017-02-21,908534.35,43767
1513,2017-02-22,1094698.06,54075
1514,2017-02-23,1100506.92,56775
1515,2017-02-24,853349.16,45839
1516,2017-02-25,727190.22,42350
1517,2017-02-26,801995.87,48398
1518,2017-02-27,1073068.24,54855
1519,2017-02-28,2805747.36,169325
1520,2017-03-01,917150.92,48652
1521,2017-03-02,994561.96,55145
1522,2017-03-03,844288.77,43894
1523,2017-03-04,553060.97,34063
1524,2017-03-05,689927.36,37744
1525,2017-03-06,1075779.68,49783
1526,2017-03-07,1046081.06,47742
1527,2017-03-08,1021775.27,50384
1528,2017-03-09,1257076.49,66606
1529,2017-03-10,1060844.29,53813
1530,2017-03-11,766057.47,45662
1531,2017-03-12,749524.08,41234
1532,2017-03-13,1096032.37,46390
1533,2017-03-14,1042481.27,51196
1534,2017-03-15,1230964.1,58627
1535,2017-03-16,1197837.32,58602
1536,2017-03-17,1182797.48,57216
1537,2017-03-18,824954.24,48101
1538,2017-03-19,764378.44,44784
1539,2017-03-20,1182864.07,50225
1540,2017-03-21,1179316.97,51154
1541,2017-03-22,1282172.35,66152
1542,2017-03-23,1165113.53,61967
1543,2017-03-24,1165168.98,62330
1544,2017-03-25,732993.29,42899
1545,2017-03-26,734927.61,41767
1546,2017-03-27,1275972.64,57212
1547,2017-03-28,1635333.59,72951
1548,2017-03-29,1865339.74,81829
1549,2017-03-30,2310539.65,96948
1550,2017-03-31,3467484.21,134367
1551,2017-04-01,927011.35,51890
1552,2017-04-02,711530.49,42508
1553,2017-04-03,1081794.88,55363
1554,2017-04-04,1018680.15,55787
1555,2017-04-05,1068541.98,57980
1556,2017-04-06,1287889.01,72423
1557,2017-04-07,1184024.14,65425
1558,2017-04-08,768967.43,51697
1559,2017-04-09,665248.08,44323
1560,2017-04-10,967239.12,51483
1561,2017-04-11,1337806.93,67152
1562,2017-04-12,1365136.16,67686
1563,2017-04-13,1130365.6,57974
1564,2017-04-14,1051110.17,61598
1565,2017-04-15,923988.84,60758
1566,2017-04-16,661059.86,42854
1567,2017-04-17,1596561.5,84509
1568,2017-04-18,1152822.51,56724
1569,2017-04-19,1552547.3,72585
1570,2017-04-20,1104845.11,52922
1571,2017-04-21,910826.87,45280
1572,2017-04-22,619368.43,37034
1573,2017-04-23,618467.03,33141
1574,2017-04-24,820716.98,40885
1575,2017-04-25,810894.54,38543
1576,2017-04-26,938088.49,49902
1577,2017-04-27,1064861.23,52914
1578,2017-04-28,986204.72,54572
1579,2017-04-29,1018196.18,61162
1580,2017-04-30,1711518.19,100465
1581,2017-05-01,892054.88,40428
1582,2017-05-02,1016458.49,50017
1583,2017-05-03,1233335.48,58901
1584,2017-05-04,3763484.93,626983
1585,2017-05-05,2600442.82,408134
1586,2017-05-06,1298827.87,164647
1587,2017-05-07,971839.64,86619
1588,2017-05-08,1274922.71,76741
1589,2017-05-09,1237305.57,72746
1590,2017-05-10,1381610.06,79358
1591,2017-05-11,1267902.47,70985
1592,2017-05-12,1112115.64,63042
1593,2017-05-13,796827.49,49010
1594,2017-05-14,750993.92,46412
1595,2017-05-15,1267889.12,64370
1596,2017-05-16,1327470.0,62743
1597,2017-05-17,1318852.37,68682
1598,2017-05-18,1040978.48,53208
1599,2017-05-19,1033931.08,54670
1600,2017-05-20,919523.54,53627
1601,2017-05-21,742846.79,45644
1602,2017-05-22,1258272.47,64130
1603,2017-05-23,1432014.57,79347
1604,2017-05-24,1437474.38,92471
1605,2017-05-25,1081081.87,64683
1606,2017-05-26,781691.2,40115
1607,2017-05-27,644932.84,36860
1608,2017-05-28,649191.06,38855
1609,2017-05-29,737321.55,40956
1610,2017-05-30,1584110.4,69262
1611,2017-05-31,2111495.13,95408
1612,2017-06-01,1222384.07,54687
1613,2017-06-02,1213361.79,57383
1614,2017-06-03,797384.58,49534
1615,2017-06-04,835248.45,56933
1616,2017-06-05,1176741.62,58069
1617,2017-06-06,1279288.98,57408
1618,2017-06-07,1222132.39,61846
1619,2017-06-08,1064311.5,51254
1620,2017-06-09,1162291.62,54165
1621,2017-06-10,840783.71,49784
1622,2017-06-11,881091.19,52242
1623,2017-06-12,1355370.44,57839
1624,2017-06-13,1332545.13,61702
1625,2017-06-14,1039500.62,48187
1626,2017-06-15,1287701.15,61300
1627,2017-06-16,1328883.47,87280
1628,2017-06-17,1088330.78,75246
1629,2017-06-18,961894.47,59488
1630,2017-06-19,1545035.12,82138
1631,2017-06-20,1444709.2,70297
1632,2017-06-21,803857.59,34205
1633,2017-06-22,1104422.36,44879
1634,2017-06-23,1308151.23,49728
1635,2017-06-24,747983.57,38953
1636,2017-06-25,584687.21,28517
1637,2017-06-26,1113531.57,38978
1638,2017-06-27,1345786.55,42757
1639,2017-06-28,1403722.85,47928
1640,2017-06-29,2219484.88,65290
1641,2017-06-30,3682669.64,117464
1642,2017-07-01,548754.55,29497
1643,2017-07-02,329449.59,21668
1644,2017-07-03,358180.85,23473
1645,2017-07-04,341185.4,29809
1646,2017-07-05,507838.33,31012
1647,2017-07-06,775899.68,36981
1648,2017-07-07,565788.32,29430
1649,2017-07-08,404506.51,26779
1650,2017-07-09,343841.41,23391
1651,2017-07-10,617692.61,27658
1652,2017-07-11,553547.64,24243
1653,2017-07-12,611960.53,27995
1654,2017-07-13,684705.92,34389
1655,2017-07-14,627931.69,31655
1656,2017-07-15,491868.24,32382
1657,2017-07-16,410145.79,26504
1658,2017-07-17,642371.16,28480
1659,2017-07-18,689066.71,34776
1660,2017-07-19,746702.69,34490
1661,2017-07-20,616086.54,31291
1662,2017-07-21,549299.35,29428
1663,2017-07-22,458403.41,29303
1664,2017-07-23,409537.09,24759
1665,2017-07-24,728784.4,33772
1666,2017-07-25,1226820.32,65050
1667,2017-07-26,906621.19,51759
1668,2017-07-27,800730.37,42760
1669,2017-07-28,870217.85,43668
1670,2017-07-29,769095.84,44494
1671,2017-07-30,839028.27,48807
1672,2017-07-31,1450327.98,65907
1673,2017-08-01,800428.77,36689
1674,2017-08-02,922660.52,38622
1675,2017-08-03,765497.74,34242
1676,2017-08-04,644671.65,37280
1677,2017-08-05,432487.59,29949
1678,2017-08-06,523328.75,28017
1679,2017-08-07,654974.5,29771
1680,2017-08-08,680545.21,28203
1681,2017-08-09,757725.44,37423
1682,2017-08-10,659066.19,33139
1683,2017-08-11,574076.18,26807
1684,2017-08-12,413444.58,25129
1685,2017-08-13,397681.24,23761
1686,2017-08-14,654324.24,26461
1687,2017-08-15,701735.05,32594
1688,2017-08-16,905212.3,39699
1689,2017-08-17,788904.84,38171
1690,2017-08-18,760997.51,34160
1691,2017-08-19,516487.28,31265
1692,2017-08-20,518099.47,30089
1693,2017-08-21,653863.94,26714
1694,2017-08-22,677856.58,27763
1695,2017-08-23,775912.98,30723
1696,2017-08-24,695802.37,30992
1697,2017-08-25,693500.97,34476
1698,2017-08-26,577607.57,33240
1699,2017-08-27,455543.69,27633
1700,2017-08-28,766631.13,32675
1701,2017-08-29,914549.23,43464
1702,2017-08-30,1161660.31,52901
1703,2017-08-31,1674089.46,67705
1704,2017-09-01,925689.12,41424
1705,2017-09-02,481817.55,27833
1706,2017-09-03,425585.59,24534
1707,2017-09-04,476026.56,28460
1708,2017-09-05,852458.21,37239
1709,2017-09-06,859947.18,35479
1710,2017-09-07,828186.8,31726
1711,2017-09-08,868428.64,26788
1712,2017-09-09,433307.2,23735
1713,2017-09-10,461825.99,21065
1714,2017-09-11,625342.21,19935
1715,2017-09-12,937749.86,28755
1716,2017-09-13,1126685.75,46568
1717,2017-09-14,1130589.33,41309
1718,2017-09-15,907134.12,34907
1719,2017-09-16,620772.41,34731
1720,2017-09-17,601498.22,29604
1721,2017-09-18,1117623.98,32660
1722,2017-09-19,1187937.08,37321
1723,2017-09-20,1244142.79,45538
1724,2017-09-21,1104711.93,40374
1725,2017-09-22,1123962.75,39392
1726,2017-09-23,781972.41,36390
1727,2017-09-24,734519.27,34149
1728,2017-09-25,1500939.86,41085
1729,2017-09-26,1656653.98,45583
1730,2017-09-27,2295667.65,60231
1731,2017-09-28,2294188.98,57928
1732,2017-09-29,2981066.08,72055
1733,2017-09-30,3606887.09,117957
1734,2017-10-01,760791.08,33732
1735,2017-10-02,875664.31,32694
1736,2017-10-03,975723.46,47565
1737,2017-10-04,967178.48,52748
1738,2017-10-05,1077767.9,57245
1739,2017-10-06,839438.25,39443
1740,2017-10-07,586988.72,35246
1741,2017-10-08,540443.43,29935
1742,2017-10-09,879034.65,34538
1743,2017-10-10,862284.72,32878
1744,2017-10-11,825066.54,29626
1745,2017-10-12,893524.0,31730
1746,2017-10-13,885646.44,35875
1747,2017-10-14,611829.61,33988
1748,2017-10-15,613832.17,33891
1749,2017-10-16,922831.46,36462
1750,2017-10-17,1041634.96,39256
1751,2017-10-18,1112584.52,55599
1752,2017-10-19,1070472.97,49839
1753,2017-10-20,1033822.25,51737
1754,2017-10-21,672760.48,38291
1755,2017-10-22,620366.42,33603
1756,2017-10-23,1004123.91,35994
1757,2017-10-24,1077485.92,43629
1758,2017-10-25,1084726.16,44627
1759,2017-10-26,1100100.69,47696
1760,2017-10-27,1114291.46,45958
1761,2017-10-28,894196.58,49903
1762,2017-10-29,1010644.99,50736
1763,2017-10-30,1531031.34,63626
1764,2017-10-31,1855751.29,75178
1765,2017-11-01,988300.07,38530
1766,2017-11-02,933414.59,39384
1767,2017-11-03,1150559.35,40524
1768,2017-11-04,721009.25,44097
1769,2017-11-05,709461.22,39493
1770,2017-11-06,1146305.59,47022
1771,2017-11-07,1095059.47,42257
1772,2017-11-08,1390699.08,54107
1773,2017-11-09,1424288.15,56519
1774,2017-11-10,1434862.44,57904
1775,2017-11-11,924050.89,38016
1776,2017-11-12,1139403.06,52580
1777,2017-11-13,1672257.03,55327
1778,2017-11-14,1310770.79,51231
1779,2017-11-15,1462440.12,54697
1780,2017-11-16,1492806.34,76543
1781,2017-11-17,1371487.81,59530
1782,2017-11-18,793973.44,43197
1783,2017-11-19,818858.77,40864
1784,2017-11-20,1263113.63,45164
1785,2017-11-21,1301381.65,51059
1786,2017-11-22,1175944.92,51615
1787,2017-11-23,477099.59,27046
1788,2017-11-24,533837.71,31291
1789,2017-11-25,583073.88,34728
1790,2017-11-26,866052.7,42189
1791,2017-11-27,1311815.58,47330
1792,2017-11-28,1885697.17,73130
1793,2017-11-29,1888237.43,83025
1794,2017-11-30,2914187.1,135702
1795,2017-12-01,1480299.73,60828
1796,2017-12-02,1525344.97,79027
1797,2017-12-03,1198676.61,60883
1798,2017-12-04,1963580.96,80886
1799,2017-12-05,2634906.0,112040
1800,2017-12-06,2470847.83,105631
1801,2017-12-07,1895128.53,78896
1802,2017-12-08,2020042.81,87854
1803,2017-12-09,1587976.71,88357
1804,2017-12-10,1495393.07,73427
1805,2017-12-11,1869089.05,83666
1806,2017-12-12,1462573.6,60488
1807,2017-12-13,1653447.25,59521
1808,2017-12-14,1435707.53,50313
1809,2017-12-15,1051445.5,42370
1810,2017-12-16,722548.63,35989
1811,2017-12-17,748460.4,36340
1812,2017-12-18,1294422.22,47538
1813,2017-12-19,1244930.35,46322
1814,2017-12-20,1622553.36,61627
1815,2017-12-21,1467276.88,48554
1816,2017-12-22,1194085.75,39701
1817,2017-12-23,732810.44,30890
1818,2017-12-24,556493.56,25052
1819,2017-12-25,397604.98,22180
1820,2017-12-26,1034785.79,34536
1821,2017-12-27,1640072.18,51230
1822,2017-12-28,2202347.17,64030
1823,2017-12-29,2779623.23,70821
1824,2017-12-30,2787585.74,88821
1825,2017-12-31,5011865.89,119517
1826,2018-01-01,716996.11,35337
1827,2018-01-02,652984.33,30201
1828,2018-01-03,725141.05,34248
1829,2018-01-04,770197.23,42700
1830,2018-01-05,861340.43,42058
1831,2018-01-06,847229.63,46813
1832,2018-01-07,718753.23,36996
1833,2018-01-08,858105.72,40861
1834,2018-01-09,994366.04,45629
1835,2018-01-10,982176.24,44444
1836,2018-01-11,1041934.55,48340
1837,2018-01-12,946165.06,41369
1838,2018-01-13,811689.73,37359
1839,2018-01-14,673838.15,35055
1840,2018-01-15,799735.03,32476
1841,2018-01-16,938154.25,38474
1842,2018-01-17,1172688.73,46622
1843,2018-01-18,1326945.71,54250
1844,2018-01-19,1141705.52,46250
1845,2018-01-20,815715.72,45399
1846,2018-01-21,870415.87,39835
1847,2018-01-22,998997.66,40298
1848,2018-01-23,1132295.41,41671
1849,2018-01-24,1173650.57,44103
1850,2018-01-25,1201662.2,43490
1851,2018-01-26,1016770.1,43974
1852,2018-01-27,859336.25,45366
1853,2018-01-28,1093856.45,54742
1854,2018-01-29,1692140.76,71654
1855,2018-01-30,2222741.97,96568
1856,2018-01-31,2880039.97,113392
1857,2018-02-01,1369140.79,53458
1858,2018-02-02,1347570.14,52277
1859,2018-02-03,1114799.51,59723
1860,2018-02-04,841992.7,60678
1861,2018-02-05,1266509.59,60710
1862,2018-02-06,1457562.59,56247
1863,2018-02-07,1353809.38,58224
1864,2018-02-08,1452483.61,52359
1865,2018-02-09,1097423.37,47288
1866,2018-02-10,865221.54,45272
1867,2018-02-11,870809.09,40618
1868,2018-02-12,1245973.03,44349
1869,2018-02-13,1432761.77,52439
1870,2018-02-14,1364225.53,47775
1871,2018-02-15,1656974.84,56766
1872,2018-02-16,1694388.17,67158
1873,2018-02-17,1101087.28,57743
1874,2018-02-18,1242751.38,64367
1875,2018-02-19,1546027.54,65353
1876,2018-02-20,1692663.76,70738
1877,2018-02-21,1647181.08,61128
1878,2018-02-22,1812906.86,68384
1879,2018-02-23,1658441.34,66531
1880,2018-02-24,1183692.27,52981
1881,2018-02-25,1133621.12,50531
1882,2018-02-26,1851041.12,59870
1883,2018-02-27,2335360.63,85682
1884,2018-02-28,4296492.27,205104
1885,2018-03-01,1678938.5,56012
1886,2018-03-02,1456314.22,52810
1887,2018-03-03,1147088.71,50305
1888,2018-03-04,987543.61,51167
1889,2018-03-05,1485465.88,58305
1890,2018-03-06,1839813.06,63240
1891,2018-03-07,1886611.54,67481
1892,2018-03-08,1829461.89,65022
1893,2018-03-09,1647222.19,70952
1894,2018-03-10,1309433.6,66915
1895,2018-03-11,1392985.61,67696
1896,2018-03-12,1997507.3,82953
1897,2018-03-13,1852829.59,70999
1898,2018-03-14,1909955.95,65711
1899,2018-03-15,1579601.65,58571
1900,2018-03-16,1481674.29,53287
1901,2018-03-17,1189145.34,50837
1902,2018-03-18,1071016.54,42502
1903,2018-03-19,1532042.86,44308
1904,2018-03-20,1575755.78,49172
1905,2018-03-21,1666910.17,49431
1906,2018-03-22,1801478.86,54307
1907,2018-03-23,1546546.95,45468
1908,2018-03-24,1149823.13,56754
1909,2018-03-25,1052723.94,43486
1910,2018-03-26,2177925.19,53285
1911,2018-03-27,2273640.84,57532
1912,2018-03-28,2577816.25,68143
1913,2018-03-29,3220671.12,75497
1914,2018-03-30,4074073.51,89242
1915,2018-03-31,5433197.95,126532
1916,2018-04-01,939371.6,39979
1917,2018-04-02,983402.96,35085
1918,2018-04-03,1082706.36,41653
1919,2018-04-04,1085188.03,48680
1920,2018-04-05,1089993.62,48855
1921,2018-04-06,1109941.75,46523
1922,2018-04-07,828824.92,44905
1923,2018-04-08,782631.56,41492
1924,2018-04-09,1373527.38,56901
1925,2018-04-10,1289092.74,51639
1926,2018-04-11,1339653.97,53899
1927,2018-04-12,1132131.58,46826
1928,2018-04-13,1252542.44,47678
1929,2018-04-14,791541.68,41530
1930,2018-04-15,784846.22,41243
1931,2018-04-16,1277664.47,50971
1932,2018-04-17,1473605.86,56540
1933,2018-04-18,1490572.96,61614
1934,2018-04-19,1755885.95,64606
1935,2018-04-20,1724917.06,60627
1936,2018-04-21,946507.48,49613
1937,2018-04-22,1029006.03,48228
1938,2018-04-23,1413591.55,54380
1939,2018-04-24,1386721.63,46700
1940,2018-04-25,1374409.55,42300
1941,2018-04-26,1271808.69,45375
1942,2018-04-27,1382326.18,48136
1943,2018-04-28,1221292.76,56744
1944,2018-04-29,1374047.41,60418
1945,2018-04-30,3344142.06,130166
1946,2018-05-01,1543551.76,48529
1947,2018-05-02,1466241.12,41942
1948,2018-05-03,1322043.13,38719
1949,2018-05-04,1239686.91,45199
1950,2018-05-05,755904.07,38736
1951,2018-05-06,890279.95,38940
1952,2018-05-07,1322189.13,41591
1953,2018-05-08,1418224.3,42202
1954,2018-05-09,1398181.37,44676
1955,2018-05-10,1392529.84,48968
1956,2018-05-11,1483539.96,53041
1957,2018-05-12,922669.17,48419
1958,2018-05-13,787694.95,39124
1959,2018-05-14,1530790.73,44200
1960,2018-05-15,1447727.53,49963
1961,2018-05-16,1653265.51,53901
1962,2018-05-17,1466866.39,47747
1963,2018-05-18,1215302.76,45450
1964,2018-05-19,983423.05,50068
1965,2018-05-20,990516.22,46350
1966,2018-05-21,1461802.19,53517
1967,2018-05-22,1541309.25,52028
1968,2018-05-23,1455901.32,46174
1969,2018-05-24,1574449.85,45599
1970,2018-05-25,1254545.0,45436
1971,2018-05-26,1024423.44,45094
1972,2018-05-27,867069.66,44114
1973,2018-05-28,1120525.33,48508
1974,2018-05-29,2194611.57,70156
1975,2018-05-30,2572156.19,87466
1976,2018-05-31,2833266.46,97896
1977,2018-06-01,1453252.28,49893
1978,2018-06-02,929007.5,41835
1979,2018-06-03,899316.4,40540
1980,2018-06-04,1562679.37,52253
1981,2018-06-05,1473229.31,50625
1982,2018-06-06,1707845.58,54514
1983,2018-06-07,1501488.31,51503
1984,2018-06-08,1327188.33,46879
1985,2018-06-09,941460.43,40639
1986,2018-06-10,1005632.58,41063
1987,2018-06-11,1566412.18,44767
1988,2018-06-12,1529373.25,45750
1989,2018-06-13,1532543.28,51463
1990,2018-06-14,1628376.87,51808
1991,2018-06-15,1588612.97,52137
1992,2018-06-16,1164062.39,49417
1993,2018-06-17,1124171.77,47480
1994,2018-06-18,1963782.38,59414
1995,2018-06-19,2189568.91,71249
1996,2018-06-20,2181134.62,66675
1997,2018-06-21,2011189.77,58444
1998,2018-06-22,1883287.65,64365
1999,2018-06-23,1574369.85,58923
2000,2018-06-24,1407248.55,53097
2001,2018-06-25,2343108.85,66417
2002,2018-06-26,2760840.97,80483
2003,2018-06-27,4199895.92,122764
2004,2018-06-28,4744651.56,132020
2005,2018-06-29,5019570.32,140106
2006,2018-06-30,7875467.04,237630
2007,2018-07-01,1820664.26,65289
2008,2018-07-02,1361642.1,52092
2009,2018-07-03,1126681.3,47124
2010,2018-07-04,980878.23,43493
2011,2018-07-05,1303171.44,55237
2012,2018-07-06,1514302.25,65369
2013,2018-07-07,1193711.76,54538
2014,2018-07-08,1142662.91,55900
2015,2018-07-09,1673480.85,65531
2016,2018-07-10,1862141.01,70305
2017,2018-07-11,1720863.7,58452
2018,2018-07-12,1480884.25,55543
2019,2018-07-13,1723236.59,66087
2020,2018-07-14,1260174.08,58723
2021,2018-07-15,1290440.53,59750
2022,2018-07-16,2066122.87,72888
2023,2018-07-17,2431831.31,77841
2024,2018-07-18,2164936.08,73747
2025,2018-07-19,2023046.02,70217
2026,2018-07-20,1875824.89,65548
2027,2018-07-21,1617194.19,64469
2028,2018-07-22,1464913.7,61986
2029,2018-07-23,2488473.4,75314
2030,2018-07-24,2308985.37,78432
2031,2018-07-25,2343437.97,80888
2032,2018-07-26,2553308.76,81107
2033,2018-07-27,2472373.27,93986
2034,2018-07-28,2320708.89,94119
2035,2018-07-29,2665592.9,98453
2036,2018-07-30,4008719.02,138149
2037,2018-07-31,4685793.07,150626
2038,2018-08-01,3077859.22,101889
2039,2018-08-02,2798326.38,90773
2040,2018-08-03,2366169.2,88583
2041,2018-08-04,2295655.34,101612
2042,2018-08-05,2450224.36,106810
2043,2018-08-06,2952778.62,108805
2044,2018-08-07,2470624.58,83436
2045,2018-08-08,2749372.48,98045
2046,2018-08-09,2471962.95,85422
2047,2018-08-10,2283639.64,71229
2048,2018-08-11,1779266.71,63507
2049,2018-08-12,1568042.82,56535
2050,2018-08-13,2673493.15,73802
2051,2018-08-14,2434642.3,70122
2052,2018-08-15,2793197.07,84027
2053,2018-08-16,2648893.14,89828
2054,2018-08-17,2331396.73,79723
2055,2018-08-18,1904171.04,69565
2056,2018-08-19,1986134.52,64697
2057,2018-08-20,2529594.24,69937
2058,2018-08-21,2800983.49,82366
2059,2018-08-22,3482157.34,96994
2060,2018-08-23,3437400.19,95640
2061,2018-08-24,2967084.89,77765
2062,2018-08-25,2060175.23,68653
2063,2018-08-26,2427193.57,85884
2064,2018-08-27,3422552.07,92729
2065,2018-08-28,4104504.77,110301
2066,2018-08-29,4543420.34,137662
2067,2018-08-30,4968148.34,149902
2068,2018-08-31,5940389.95,168306
2069,2018-09-01,2579525.3,79017
2070,2018-09-02,2180778.56,66165
2071,2018-09-03,2547727.11,70139
2072,2018-09-04,3634678.52,86896
2073,2018-09-05,3497800.1,89044
2074,2018-09-06,3985363.17,100832
2075,2018-09-07,3866884.5,103672
2076,2018-09-08,3241237.47,95852
2077,2018-09-09,3263286.57,85787
2078,2018-09-10,4179870.89,96791
2079,2018-09-11,4193486.24,84653
2080,2018-09-12,4722705.88,109904
2081,2018-09-13,4418026.14,115416
2082,2018-09-14,4327726.96,111477
2083,2018-09-15,3354324.74,102380
2084,2018-09-16,3467223.16,88706
2085,2018-09-17,4728285.12,97746
2086,2018-09-18,4496824.91,112443
2087,2018-09-19,4631836.11,126701
2088,2018-09-20,4655776.73,123648
2089,2018-09-21,5254110.05,137678
2090,2018-09-22,3924186.87,107113
2091,2018-09-23,3718224.87,91341
2092,2018-09-24,5743213.72,122824
2093,2018-09-25,6115297.5,130253
2094,2018-09-26,5872671.14,131961
2095,2018-09-27,5965622.04,138283
2096,2018-09-28,9003103.4,230899
2097,2018-09-29,8042618.43,216428
2098,2018-09-30,14724021.1,380768
2099,,,76
