,contributor_state,recipient_state,count,sum
0,CA,8M,3,1699.0
1,AA,AK,1,1.0
2,AE,AK,1,1.0
3,AK,AK,4184,317605.26
4,AL,AK,55,165.55
5,AP,AK,1,4.35
6,AR,AK,16,32.0
7,AZ,AK,92,2219.32
8,BC,AK,6,74.18
9,CA,AK,2394,91799.33
10,CO,AK,168,3003.17
11,CT,AK,94,838.34
12,DC,AK,211,10679.03
13,DE,AK,12,31.93
14,FL,AK,158,2124.41
15,GA,AK,80,1419.06
16,GU,AK,1,25.0
17,HI,AK,29,449.98
18,IA,AK,26,104.44
19,ID,AK,27,261.25
20,IL,AK,443,4899.8
21,IN,AK,59,883.86
22,KS,AK,33,191.81
23,KY,AK,31,436.29
24,LA,AK,33,292.6
25,MA,AK,612,9609.96
26,MD,AK,223,3306.2
27,ME,AK,42,411.5
28,MI,AK,148,1583.78
29,MN,AK,175,4206.16
30,MO,AK,71,306.68
31,MS,AK,4,28.0
32,MT,AK,16,265.27
33,NC,AK,152,1676.38
34,ND,AK,9,84.0
35,NE,AK,19,49.26
36,NH,AK,39,346.3
37,NJ,AK,201,2310.39
38,NM,AK,68,590.57
39,NV,AK,26,508.34
40,NY,AK,1159,21818.33
41,OH,AK,137,1515.25
42,OK,AK,18,121.85
43,ON,AK,8,65.24
44,OR,AK,260,6004.59
45,PA,AK,318,3647.13
46,PR,AK,5,21.0
47,QC,AK,4,1003.0
48,RI,AK,37,530.11
49,SC,AK,32,217.01
50,SD,AK,4,40.0
51,TN,AK,55,289.06
52,TX,AK,368,4903.19
53,UT,AK,34,339.1
54,VA,AK,270,2021.13
55,VI,AK,1,1.0
56,VT,AK,30,606.79
57,WA,AK,591,17737.59
58,WI,AK,70,503.91
59,WV,AK,21,45.09
60,WY,AK,8,168.0
61,ZZ,AK,25,961.32
62,AA,AL,82,2827.0
63,AB,AL,47,3555.5
64,AE,AL,261,14838.18
65,AK,AL,1944,44546.42
66,AL,AL,35359,2063420.28
67,AP,AL,123,4099.5
68,AR,AL,2227,50699.02
69,AS,AL,29,545.5
70,AZ,AL,11579,217969.28
71,BC,AL,175,3587.0
72,CA,AL,158593,4567301.41
73,CO,AL,19055,407561.34
74,CT,AL,13184,379148.32
75,DC,AL,9915,544019.75
76,DE,AL,2098,51136.85
77,FL,AL,33562,778660.92
78,GA,AL,14672,400194.66
79,GU,AL,37,743.0
80,HE,AL,35,156.0
81,HI,AL,3158,62682.83
82,IA,AL,3627,67535.72
83,ID,AL,2184,41292.97
84,IL,AL,30454,782864.91
85,IN,AL,6218,128978.38
86,KS,AL,3371,60675.42
87,KY,AL,4020,91133.44
88,LA,AL,4195,106141.08
89,MA,AL,41919,1388321.0
90,MB,AL,13,50.0
91,MD,AL,17655,589035.8
92,ME,AL,4639,99625.58
93,MI,AL,15431,305777.64
94,MN,AL,12528,260707.93
95,MO,AL,8138,159944.8
96,MP,AL,15,217.5
97,MS,AL,1398,45280.12
98,MT,AL,1646,34512.81
99,NC,AL,15695,341262.87
100,ND,AL,413,8578.0
101,NE,AL,1853,32551.2
102,NH,AL,4310,99086.7
103,NJ,AL,22234,525127.85
104,NM,AL,6821,155537.23
105,NS,AL,15,339.5
106,NV,AL,4178,92659.27
107,NY,AL,88717,3030624.57
108,OH,AL,14128,281953.09
109,OK,AL,2923,60033.59
110,OM,AL,8,130.0
111,ON,AL,214,4945.8
112,OR,AL,21024,421447.33
113,PA,AL,25263,617391.56
114,PR,AL,57,1562.01
115,QC,AL,53,1461.25
116,RI,AL,3114,73173.39
117,RM,AL,1,25.0
118,SC,AL,4709,104770.0
119,SD,AL,638,19251.5
120,SK,AL,6,165.0
121,TN,AL,9157,230759.45
122,TX,AL,31447,917678.55
123,UT,AL,3344,75000.9
124,VA,AL,19546,562202.6
125,VD,AL,2,150.0
126,VI,AL,79,3483.5
127,VT,AL,3922,93627.17
128,WA,AL,31933,822460.91
129,WI,AL,8715,163756.45
130,WV,AL,1616,23189.84
131,WY,AL,707,21099.0
132,YT,AL,8,127.5
133,ZZ,AL,1267,44211.0
134,,AL,1,35.0
135,AA,AR,2,33.34
136,AE,AR,8,89.28
137,AK,AR,22,214.66
138,AL,AR,45,1045.45
139,AR,AR,5693,612700.57
140,AZ,AR,65,2096.88
141,BC,AR,9,58.5
142,CA,AR,3942,206211.99
143,CO,AR,309,4870.72
144,CT,AR,110,3938.67
145,DC,AR,396,30188.73
146,DE,AR,26,101.99
147,FL,AR,209,12926.25
148,GA,AR,132,2515.49
149,HI,AR,23,165.66
150,IA,AR,36,225.31
151,ID,AR,10,34.56
152,IL,AR,593,14462.24
153,IN,AR,72,1085.25
154,KS,AR,29,535.32
155,KY,AR,33,1600.41
156,LA,AR,59,9524.67
157,MA,AR,1031,36739.48
158,MD,AR,358,16385.99
159,ME,AR,45,3011.6
160,MI,AR,197,2248.94
161,MN,AR,179,5962.06
162,MO,AR,116,1585.03
163,MS,AR,10,393.86
164,MT,AR,10,3107.59
165,NC,AR,227,8061.18
166,ND,AR,4,76.11
167,NE,AR,27,110.18
168,NH,AR,35,192.93
169,NJ,AR,252,6115.69
170,NM,AR,92,8161.3
171,NV,AR,29,187.26
172,NY,AR,1731,72535.53
173,OH,AR,153,2985.01
174,OK,AR,14,223.88
175,ON,AR,8,25.37
176,OR,AR,382,6406.21
177,PA,AR,381,3618.88
178,QC,AR,4,224.22
179,RI,AR,109,5044.05
180,SC,AR,36,2010.84
181,SD,AR,3,18.06
182,TN,AR,80,6179.51
183,TX,AR,573,15696.77
184,UT,AR,83,1851.16
185,VA,AR,453,9289.47
186,VI,AR,5,104.0
187,VT,AR,39,369.81
188,WA,AR,854,21933.44
189,WI,AR,98,855.56
190,WV,AR,74,123.11
191,WY,AR,4,1024.22
192,ZZ,AR,69,3864.86
193,AA,AZ,47,1579.66
194,AB,AZ,12,105.0
195,AE,AZ,130,3888.49
196,AK,AZ,1250,21649.51
197,AL,AZ,1297,22085.72
198,AP,AZ,73,1723.8
199,AR,AZ,1068,27898.47
200,AS,AZ,19,322.5
201,AZ,AZ,104138,6027188.05
202,BC,AZ,85,1561.24
203,CA,AZ,79971,2342861.84
204,CO,AZ,8713,195226.33
205,CT,AZ,5395,138230.99
206,DC,AZ,3971,346854.87
207,DE,AZ,901,13548.45
208,FL,AZ,13405,296983.8
209,GA,AZ,4307,67541.14
210,GU,AZ,17,84.75
211,HE,AZ,1,5.0
212,HI,AZ,2124,49922.77
213,IA,AZ,1957,22643.93
214,ID,AZ,1333,22893.1
215,IL,AZ,13412,397899.18
216,IN,AZ,2627,49151.44
217,KS,AZ,1412,17194.81
218,KY,AZ,1554,26124.8
219,LA,AZ,1511,27955.37
220,MA,AZ,18032,608249.93
221,MB,AZ,11,29.0
222,MD,AZ,9005,312166.92
223,ME,AZ,1748,33630.83
224,MI,AZ,6851,111566.01
225,MN,AZ,5552,93848.42
226,MO,AZ,3307,51760.53
227,MP,AZ,2,10.0
228,MS,AZ,379,12755.28
229,MT,AZ,874,20968.29
230,NB,AZ,1,5.0
231,NC,AZ,5837,77518.42
232,ND,AZ,215,2042.92
233,NE,AZ,783,10750.46
234,NH,AZ,2012,37193.74
235,NJ,AZ,9262,174039.14
236,NM,AZ,4910,98411.27
237,NS,AZ,5,65.42
238,NV,AZ,2657,73890.74
239,NY,AZ,34690,1208927.68
240,OH,AZ,5500,90183.16
241,OK,AZ,1325,17444.56
242,ON,AZ,68,643.49
243,OR,AZ,11720,182667.29
244,PA,AZ,10759,178368.01
245,PR,AZ,106,6445.37
246,QC,AZ,14,85.5
247,RI,AZ,1236,36084.44
248,SC,AZ,1542,19874.1
249,SD,AZ,325,8441.48
250,SK,AZ,10,215.5
251,TN,AZ,2838,48720.59
252,TX,AZ,14280,452678.05
253,UT,AZ,1710,49389.55
254,VA,AZ,7957,204352.88
255,VI,AZ,37,349.25
256,VT,AZ,1719,34747.34
257,WA,AZ,18149,412218.72
258,WI,AZ,4141,63683.53
259,WV,AZ,1094,7744.61
260,WY,AZ,358,14687.46
261,YT,AZ,7,397.0
262,ZZ,AZ,673,17132.53
263,,AZ,6,125.55
264,AA,CA,128,4369.72
265,AB,CA,27,472.5
266,AE,CA,371,7777.09
267,AK,CA,3422,48194.44
268,AL,CA,4706,63789.37
269,AP,CA,431,5669.36
270,AR,CA,3312,53236.47
271,AS,CA,57,763.0
272,AZ,CA,23086,416093.25
273,BC,CA,304,10336.1
274,CA,CA,896949,42850038.61
275,CO,CA,26654,451440.16
276,CT,CA,18189,431291.3
277,DC,CA,16287,1314774.37
278,DE,CA,3401,69140.91
279,FL,CA,47510,1023592.1
280,GA,CA,18082,277739.93
281,GU,CA,64,661.9
282,HI,CA,6618,137163.01
283,IA,CA,5490,69582.34
284,ID,CA,3670,54696.07
285,IL,CA,45761,924313.37
286,IN,CA,9592,145534.78
287,KS,CA,5494,74307.49
288,KY,CA,5942,76560.64
289,LA,CA,5388,84939.32
290,MA,CA,57988,1588316.8
291,MB,CA,19,64.87
292,MD,CA,32190,951037.72
293,ME,CA,5978,90966.09
294,MI,CA,23646,282360.87
295,MN,CA,18140,235277.41
296,MO,CA,12718,154052.06
297,MP,CA,11,487.5
298,MS,CA,1431,25796.93
299,MT,CA,2836,35011.52
300,NA,CA,1,15.0
301,NC,CA,22117,327524.96
302,ND,CA,707,10187.14
303,NE,CA,3066,40921.14
304,NH,CA,6523,100724.22
305,NJ,CA,31666,604238.96
306,NL,CA,1,21.0
307,NM,CA,11901,180410.38
308,NS,CA,12,86.94
309,NT,CA,4,35.0
310,NV,CA,8277,202693.58
311,NY,CA,120160,3506174.64
312,OH,CA,20848,349818.57
313,OK,CA,4774,74247.68
314,ON,CA,329,4474.62
315,OR,CA,38118,534139.48
316,PA,CA,36793,580494.76
317,PR,CA,297,5475.64
318,QC,CA,96,1088.02
319,RI,CA,4295,98654.45
320,SC,CA,6672,88027.58
321,SD,CA,1161,21789.33
322,TN,CA,10144,155175.24
323,TX,CA,50556,1055224.39
324,UT,CA,5674,128200.26
325,VA,CA,30042,728542.71
326,VI,CA,126,1699.0
327,VT,CA,5451,86550.24
328,WA,CA,57563,1063720.3
329,WI,CA,12740,136329.64
330,WV,CA,2963,27473.92
331,WY,CA,1198,25233.12
332,YT,CA,5,2075.0
333,ZZ,CA,2604,85804.44
334,,CA,22,333.03
335,AA,CO,3,4.5
336,AB,CO,7,160.0
337,AE,CO,14,311.41
338,AK,CO,134,1733.85
339,AL,CO,166,1754.74
340,AP,CO,5,24.71
341,AR,CO,94,1878.78
342,AS,CO,1,2.0
343,AZ,CO,543,13818.72
344,BC,CO,32,269.46
345,CA,CO,9741,493055.87
346,CO,CO,35107,2815262.31
347,CT,CO,720,25665.06
348,DC,CO,998,106969.75
349,DE,CO,71,1904.14
350,FL,CO,1260,42616.98
351,GA,CO,544,10432.8
352,GU,CO,3,32.75
353,HI,CO,155,3632.65
354,IA,CO,130,696.84
355,ID,CO,75,499.8
356,IL,CO,1852,52009.42
357,IN,CO,299,6232.51
358,KS,CO,162,864.25
359,KY,CO,137,993.88
360,LA,CO,159,14872.83
361,MA,CO,3219,117654.13
362,MD,CO,1060,32724.79
363,ME,CO,242,4157.63
364,MI,CO,686,9741.77
365,MN,CO,663,11397.28
366,MO,CO,326,5912.79
367,MS,CO,30,211.6
368,MT,CO,87,1384.97
369,NC,CO,859,17680.08
370,ND,CO,36,188.73
371,NE,CO,85,499.43
372,NH,CO,195,2178.11
373,NJ,CO,891,26827.35
374,NM,CO,402,6486.57
375,NV,CO,222,4944.24
376,NY,CO,4723,254231.76
377,OH,CO,656,7100.15
378,OK,CO,100,1177.45
379,ON,CO,21,194.73
380,OR,CO,1103,17633.11
381,PA,CO,1248,26585.65
382,PR,CO,9,37.5
383,QC,CO,5,5.0
384,RI,CO,154,2938.7
385,SC,CO,170,7223.82
386,SD,CO,24,864.44
387,TN,CO,375,5780.15
388,TX,CO,1614,46611.62
389,UT,CO,203,20566.2
390,VA,CO,1380,61015.75
391,VI,CO,6,281.0
392,VT,CO,176,7902.95
393,WA,CO,1996,73917.24
394,WI,CO,440,4090.88
395,WV,CO,124,1035.86
396,WY,CO,61,14717.75
397,ZZ,CO,157,12159.46
398,,CO,1,2.78
399,AA,CT,14,855.0
400,AB,CT,3,20.0
401,AE,CT,30,376.2
402,AK,CT,303,4652.85
403,AL,CT,399,6061.86
404,AP,CT,31,1341.0
405,AR,CT,400,8839.81
406,AS,CT,5,35.0
407,AZ,CT,2317,38021.86
408,BC,CT,2,20.0
409,CA,CT,27098,698100.77
410,CO,CT,3673,67593.21
411,CT,CT,110105,4923895.64
412,DC,CT,2036,167496.67
413,DE,CT,511,12063.02
414,FL,CT,6876,208126.81
415,GA,CT,2073,47238.03
416,GU,CT,4,71.0
417,HI,CT,580,11054.47
418,IA,CT,590,7202.01
419,ID,CT,538,7031.9
420,IL,CT,4660,115490.17
421,IN,CT,1219,16082.14
422,KS,CT,603,7957.66
423,KY,CT,687,9668.3
424,LA,CT,435,9610.85
425,MA,CT,9080,304127.41
426,MD,CT,4219,147349.85
427,ME,CT,1401,20897.74
428,MI,CT,2811,42646.75
429,MN,CT,1630,31677.94
430,MO,CT,1250,21367.06
431,MP,CT,2,110.0
432,MS,CT,107,1502.0
433,MT,CT,345,4709.47
434,NB,CT,1,5.0
435,NC,CT,2819,43554.13
436,ND,CT,72,713.15
437,NE,CT,333,3883.66
438,NH,CT,947,24318.12
439,NJ,CT,4950,126309.42
440,NM,CT,1212,26756.47
441,NV,CT,727,15981.17
442,NY,CT,19370,1506092.94
443,OH,CT,2258,30412.67
444,OK,CT,485,13809.07
445,ON,CT,7,200.0
446,OR,CT,3889,51706.01
447,PA,CT,5603,102129.65
448,PR,CT,21,311.5
449,QC,CT,3,45.0
450,RI,CT,880,34543.7
451,SC,CT,972,18828.3
452,SD,CT,100,1324.28
453,TN,CT,1424,21951.15
454,TR,CT,1,100.0
455,TX,CT,4901,91639.66
456,UT,CT,584,11044.85
457,VA,CT,3942,118548.94
458,VI,CT,30,4972.5
459,VT,CT,853,18298.44
460,WA,CT,5129,93801.24
461,WI,CT,1357,23911.41
462,WV,CT,351,3617.71
463,WY,CT,145,2231.67
464,ZZ,CT,209,8875.4
465,,CT,2,105.0
466,CA,DC,28,1423.0
467,CT,DC,3,1026.0
468,DC,DC,60,34391.0
469,FL,DC,15,14329.0
470,GA,DC,3,152.03
471,IL,DC,4,4.0
472,IN,DC,2,101.0
473,KY,DC,7,7.0
474,MA,DC,16,222.07
475,MD,DC,37,9224.0
476,MI,DC,2,201.0
477,MN,DC,7,353.0
478,MO,DC,2,150.0
479,NC,DC,1,25.0
480,NH,DC,1,25.0
481,NJ,DC,3,351.0
482,NY,DC,16,640.03
483,OH,DC,5,121.0
484,OK,DC,1,100.0
485,OR,DC,3,503.03
486,PA,DC,10,975.0
487,SC,DC,1,100.0
488,TX,DC,10,607.0
489,UT,DC,1,1.0
490,VA,DC,7,604.24
491,WA,DC,3,109.07
492,WI,DC,4,4.0
493,ZZ,DC,3,28.0
494,AA,DE,1,10.0
495,AB,DE,1,10.0
496,AE,DE,6,30.0
497,AK,DE,14,128.05
498,AL,DE,26,401.35
499,AP,DE,1,50.0
500,AR,DE,26,1184.2
501,AZ,DE,98,887.83
502,BC,DE,1,50.0
503,CA,DE,1402,141813.74
504,CO,DE,161,13138.21
505,CT,DE,205,5973.85
506,DC,DE,284,77751.34
507,DE,DE,6661,435050.62
508,FL,DE,368,26116.35
509,GA,DE,74,800.97
510,GU,DE,1,1.0
511,HI,DE,34,982.38
512,IA,DE,42,1109.64
513,ID,DE,28,346.54
514,IL,DE,224,10516.87
515,IN,DE,69,1786.53
516,KS,DE,34,480.71
517,KY,DE,39,3121.14
518,LA,DE,29,1454.5
519,MA,DE,413,19964.48
520,MD,DE,400,29971.02
521,ME,DE,49,837.19
522,MI,DE,143,5995.45
523,MN,DE,145,5135.5
524,MO,DE,86,1256.68
525,MS,DE,7,67.43
526,MT,DE,25,91.47
527,NC,DE,155,6655.9
528,ND,DE,13,67.9
529,NE,DE,14,1110.76
530,NH,DE,42,3196.81
531,NJ,DE,245,14229.3
532,NM,DE,72,1452.55
533,NV,DE,67,318.13
534,NY,DE,1023,108763.58
535,OH,DE,103,5985.72
536,OK,DE,39,239.09
537,ON,DE,1,1.72
538,OR,DE,267,6846.7
539,PA,DE,587,49002.17
540,PR,DE,2,7.0
541,QC,DE,1,10.0
542,RI,DE,36,1470.55
543,SC,DE,22,162.26
544,SD,DE,2,2.67
545,TN,DE,81,1219.85
546,TX,DE,214,17301.27
547,UT,DE,19,3737.98
548,VA,DE,413,38611.15
549,VT,DE,50,665.56
550,WA,DE,271,10337.92
551,WI,DE,95,1326.68
552,WV,DE,13,84.86
553,WY,DE,2,2.86
554,ZZ,DE,32,6558.62
555,AA,FL,102,2057.89
556,AB,FL,13,179.5
557,AE,FL,242,9999.34
558,AK,FL,962,14896.56
559,AL,FL,1910,41454.82
560,AP,FL,86,1148.61
561,AR,FL,1167,36637.49
562,AS,FL,15,103.5
563,AZ,FL,6336,88364.31
564,BC,FL,154,1943.42
565,CA,FL,85599,2908632.22
566,CO,FL,9011,190488.55
567,CT,FL,8084,296375.46
568,DC,FL,6043,684256.12
569,DE,FL,1266,27024.38
570,FL,FL,235019,13276117.11
571,GA,FL,6545,185812.94
572,GU,FL,29,1330.9
573,HI,FL,1810,26705.49
574,IA,FL,1904,20443.04
575,ID,FL,855,10670.09
576,IL,FL,17151,451519.85
577,IN,FL,3080,61263.91
578,KS,FL,1625,15885.82
579,KY,FL,1978,40683.04
580,LA,FL,1982,45528.39
581,MA,FL,23778,1049572.81
582,MB,FL,5,22.41
583,MD,FL,12192,576701.04
584,ME,FL,2361,55031.83
585,MI,FL,7966,126216.71
586,MN,FL,6088,86509.09
587,MO,FL,3954,62224.7
588,MP,FL,4,62.5
589,MS,FL,451,13885.94
590,MT,FL,917,19758.25
591,NB,FL,10,341.02
592,NC,FL,8221,124326.8
593,ND,FL,192,5101.09
594,NE,FL,900,14480.24
595,NH,FL,2128,49488.78
596,NJ,FL,11274,235571.65
597,NL,FL,2,15.39
598,NM,FL,3831,75511.51
599,NS,FL,3,23.84
600,NT,FL,7,132.5
601,NV,FL,2476,34084.37
602,NY,FL,45014,2230419.94
603,OH,FL,6974,95654.51
604,OK,FL,1466,20719.93
605,ON,FL,151,2928.67
606,OR,FL,12499,164039.87
607,PA,FL,12871,290360.94
608,PR,FL,133,39805.7
609,QC,FL,36,224.31
610,RI,FL,1667,57891.19
611,SC,FL,2134,41561.92
612,SD,FL,350,5725.5
613,TN,FL,3591,89037.77
614,TX,FL,15972,397786.37
615,UK,FL,1,50.0
616,UT,FL,1573,39709.71
617,VA,FL,12187,440688.8
618,VI,FL,78,1884.35
619,VT,FL,2057,39467.84
620,WA,FL,17963,345297.42
621,WI,FL,4664,61498.55
622,WV,FL,1247,11471.63
623,WY,FL,480,26402.39
624,YT,FL,1,25.0
625,ZZ,FL,971,45885.61
626,,FL,8,250.55
627,AA,GA,99,2643.09
628,AB,GA,66,1219.0
629,AE,GA,447,9659.98
630,AK,GA,4239,68896.91
631,AL,GA,7656,120308.11
632,AP,GA,159,2316.31
633,AR,GA,4911,78639.74
634,AS,GA,81,1651.5
635,AZ,GA,29232,444697.27
636,BC,GA,349,5539.61
637,CA,GA,349317,6979157.07
638,CO,GA,41813,651700.53
639,CT,GA,27977,516278.95
640,DC,GA,13761,445384.25
641,DE,GA,4685,86616.07
642,FL,GA,76031,1215876.48
643,GA,GA,62086,3025567.99
644,GU,GA,78,644.08
645,HI,GA,8492,145604.47
646,IA,GA,8326,106364.41
647,ID,GA,5029,72553.54
648,IL,GA,61580,1099486.91
649,IN,GA,13238,190438.56
650,KS,GA,6607,91787.69
651,KY,GA,7800,124869.21
652,LA,GA,6987,119172.64
653,MA,GA,83731,1824682.15
654,MB,GA,93,537.5
655,MD,GA,41301,859248.49
656,ME,GA,10250,147777.07
657,MI,GA,36380,544441.02
658,MN,GA,25728,389351.53
659,MO,GA,17366,229853.98
660,MP,GA,19,337.5
661,MS,GA,1854,41787.28
662,MT,GA,4422,66408.54
663,NB,GA,14,80.83
664,NC,GA,34778,549213.95
665,ND,GA,981,13747.57
666,NE,GA,3981,59151.26
667,NH,GA,10429,178785.66
668,NJ,GA,47721,800959.03
669,NL,GA,2,30.0
670,NM,GA,18107,292838.22
671,NS,GA,60,1301.83
672,NU,GA,9,149.0
673,NV,GA,10825,152659.51
674,NY,GA,182314,4128481.39
675,OH,GA,30741,430568.16
676,OK,GA,5991,87365.18
677,ON,GA,398,6335.76
678,OR,GA,53446,772116.83
679,PA,GA,56655,894698.52
680,PE,GA,10,55.0
681,PR,GA,391,8950.01
682,QC,GA,120,1777.5
683,RI,GA,7079,119080.07
684,SC,GA,11027,187903.04
685,SD,GA,1432,19572.96
686,SK,GA,1,25.0
687,TN,GA,16624,293301.6
688,TX,GA,65904,1105301.76
689,UT,GA,6720,112582.55
690,VA,GA,37886,684597.34
691,VI,GA,344,6966.57
692,VT,GA,9162,155990.02
693,WA,GA,72951,1250368.25
694,WI,GA,20286,290425.16
695,WV,GA,3086,41118.02
696,WY,GA,1776,34551.67
697,YT,GA,6,86.0
698,ZZ,GA,2221,41771.21
699,,GA,4,20.0
700,AA,HI,47,2275.0
701,AB,HI,1,20.0
702,AE,HI,59,807.01
703,AK,HI,397,5969.84
704,AL,HI,193,2455.46
705,AP,HI,12,2233.0
706,AR,HI,190,3977.19
707,AS,HI,1,100.0
708,AZ,HI,1258,24610.69
709,BC,HI,30,426.06
710,CA,HI,15551,436841.39
711,CO,HI,1602,40321.31
712,CT,HI,854,12760.76
713,DC,HI,593,55781.53
714,DE,HI,165,2093.6
715,FL,HI,2742,59501.86
716,GA,HI,636,10084.54
717,GU,HI,15,192.5
718,HI,HI,15575,871299.38
719,IA,HI,465,7335.49
720,ID,HI,212,5178.77
721,IL,HI,2017,65722.2
722,IN,HI,600,11755.54
723,KS,HI,389,4894.88
724,KY,HI,321,8451.17
725,LA,HI,277,4220.44
726,MA,HI,3221,59939.0
727,MB,HI,6,900.0
728,MD,HI,1413,50325.78
729,ME,HI,518,8722.95
730,MI,HI,1495,22657.63
731,MN,HI,1033,16405.29
732,MO,HI,624,8988.78
733,MP,HI,3,50.0
734,MS,HI,50,667.23
735,MT,HI,177,2483.16
736,NC,HI,1102,18895.44
737,ND,HI,39,555.0
738,NE,HI,195,2683.59
739,NH,HI,318,5394.67
740,NJ,HI,1610,32137.97
741,NM,HI,718,13445.71
742,NS,HI,2,6.0
743,NV,HI,533,9396.9
744,NY,HI,6128,166951.59
745,OH,HI,1244,23951.94
746,OK,HI,306,4794.15
747,ON,HI,76,1499.5
748,OR,HI,2260,39028.12
749,PA,HI,1747,38932.15
750,PR,HI,10,75.59
751,QC,HI,5,29.0
752,RI,HI,283,4562.04
753,RJ,HI,1,10.0
754,SC,HI,355,4145.77
755,SD,HI,90,771.62
756,TN,HI,581,7660.87
757,TX,HI,2290,56458.67
758,UT,HI,322,4884.9
759,VA,HI,1636,56845.58
760,VI,HI,14,357.0
761,VT,HI,484,8613.4
762,WA,HI,3795,84870.15
763,WI,HI,862,11588.86
764,WV,HI,165,1563.44
765,WY,HI,85,1059.72
766,ZZ,HI,241,5649.96
767,,HI,11,189.5
768,AA,IA,13,552.03
769,AB,IA,5,77.0
770,AE,IA,61,1094.4
771,AK,IA,326,9625.02
772,AL,IA,534,5904.01
773,AP,IA,32,143.56
774,AR,IA,380,3386.07
775,AS,IA,6,58.0
776,AZ,IA,2125,25638.04
777,BC,IA,34,394.88
778,CA,IA,36632,1734672.63
779,CO,IA,3315,58111.33
780,CT,IA,2290,76711.74
781,DC,IA,3104,216843.16
782,DE,IA,407,4882.21
783,FL,IA,4569,98672.51
784,GA,IA,1836,33915.26
785,GU,IA,4,18.86
786,HI,IA,575,10653.21
787,IA,IA,20969,1617162.74
788,ID,IA,347,3788.21
789,IL,IA,7495,234235.0
790,IN,IA,1106,12326.44
791,KS,IA,640,12307.58
792,KY,IA,685,10766.21
793,LA,IA,568,9974.11
794,MA,IA,9507,361523.29
795,MB,IA,1,3.71
796,MD,IA,4474,166278.67
797,ME,IA,725,15374.73
798,MI,IA,2773,27138.33
799,MN,IA,3108,87793.04
800,MO,IA,1690,24924.07
801,MS,IA,127,2040.6
802,MT,IA,276,5330.01
803,NB,IA,1,27.0
804,NC,IA,2771,31449.32
805,ND,IA,88,1012.35
806,NE,IA,515,31349.68
807,NH,IA,749,7998.67
808,NJ,IA,3757,59741.47
809,NM,IA,1217,19751.91
810,NS,IA,2,3.84
811,NV,IA,778,26023.6
812,NY,IA,17148,596564.28
813,OH,IA,2553,25348.32
814,OK,IA,476,5215.15
815,ON,IA,55,647.65
816,OR,IA,5319,52094.63
817,PA,IA,4341,61946.02
818,PR,IA,27,749.84
819,QC,IA,17,259.09
820,RI,IA,571,18633.28
821,SC,IA,585,7596.13
822,SD,IA,224,3514.87
823,TN,IA,992,14986.07
824,TX,IA,5468,94990.86
825,UT,IA,580,12641.54
826,VA,IA,3993,75311.41
827,VI,IA,13,131.5
828,VT,IA,986,12688.42
829,WA,IA,7650,145868.29
830,WI,IA,1794,36338.64
831,WV,IA,213,4139.96
832,WY,IA,108,3902.72
833,ZZ,IA,407,16961.68
834,,IA,4,27.07
835,AK,ID,2,2.41
836,AL,ID,8,15.66
837,AR,ID,1,1.0
838,AZ,ID,16,50.17
839,BC,ID,4,4.0
840,CA,ID,570,2106.62
841,CO,ID,37,44.37
842,CT,ID,21,22.24
843,DC,ID,53,161.76
844,DE,ID,4,4.0
845,FL,ID,30,240.28
846,GA,ID,22,23.35
847,HI,ID,7,7.83
848,IA,ID,12,12.81
849,ID,ID,131,5022.0
850,IL,ID,127,133.35
851,IN,ID,18,18.0
852,KS,ID,14,14.0
853,KY,ID,4,4.0
854,LA,ID,4,1010.66
855,MA,ID,212,256.22
856,MD,ID,53,57.49
857,ME,ID,8,8.0
858,MI,ID,30,33.93
859,MN,ID,39,70.65
860,MO,ID,17,17.42
861,MS,ID,3,3.0
862,NC,ID,42,61.97
863,NE,ID,4,4.0
864,NH,ID,5,5.0
865,NJ,ID,44,45.68
866,NM,ID,14,14.52
867,NV,ID,3,3.0
868,NY,ID,248,552.26
869,OH,ID,29,29.48
870,OK,ID,1,1.0
871,ON,ID,2,2.0
872,OR,ID,67,86.47
873,PA,ID,74,86.01
874,QC,ID,3,3.0
875,RI,ID,10,12.83
876,SC,ID,1,1.0
877,TN,ID,8,8.0
878,TX,ID,85,90.1
879,UT,ID,14,14.4
880,VA,ID,99,165.36
881,VT,ID,1,1.0
882,WA,ID,129,352.41
883,WI,ID,16,23.09
884,WV,ID,5,5.0
885,WY,ID,1,5.0
886,ZZ,ID,8,8.0
887,AA,IL,32,322.4
888,AB,IL,10,26.0
889,AE,IL,148,2585.29
890,AK,IL,1039,9828.63
891,AL,IL,1375,12752.71
892,AP,IL,132,676.35
893,AR,IL,1159,18331.73
894,AS,IL,6,28.0
895,AZ,IL,7073,73414.38
896,BC,IL,100,976.52
897,CA,IL,79004,2560440.37
898,CO,IL,8808,128789.17
899,CT,IL,6041,134131.85
900,DC,IL,5883,408178.77
901,DE,IL,1003,16946.54
902,FL,IL,14876,262004.1
903,GA,IL,5271,68147.52
904,GU,IL,18,81.9
905,HI,IL,1874,25764.14
906,IA,IL,2897,40293.17
907,ID,IL,1172,10513.3
908,IL,IL,126602,7291670.59
909,IN,IL,3811,76207.87
910,KS,IL,1688,18342.75
911,KY,IL,2005,24913.16
912,LA,IL,1729,20676.04
913,MA,IL,19750,564005.73
914,MB,IL,2,7.4
915,MD,IL,9947,318803.49
916,ME,IL,2108,34793.76
917,MI,IL,8937,113828.72
918,MN,IL,5707,55801.32
919,MO,IL,4904,141389.59
920,MP,IL,10,151.68
921,MS,IL,418,4101.15
922,MT,IL,931,14759.31
923,NB,IL,3,1268.0
924,NC,IL,7101,75266.72
925,ND,IL,179,2211.41
926,NE,IL,1013,28970.59
927,NH,IL,2283,23844.91
928,NJ,IL,9552,153140.49
929,NL,IL,1,1.11
930,NM,IL,4027,50589.55
931,NS,IL,5,75.76
932,NV,IL,2284,26055.43
933,NY,IL,39751,1115857.18
934,OH,IL,7218,86868.26
935,OK,IL,1636,16406.08
936,ON,IL,136,1731.39
937,OR,IL,11539,125126.29
938,PA,IL,11941,155324.99
939,PR,IL,98,1149.21
940,QC,IL,30,44.31
941,RI,IL,1364,29300.88
942,SC,IL,1855,25787.95
943,SD,IL,305,3951.15
944,TN,IL,3250,45250.55
945,TX,IL,15026,213359.47
946,UT,IL,1743,35294.26
947,VA,IL,9387,215014.46
948,VI,IL,37,343.0
949,VT,IL,1937,18034.43
950,WA,IL,16531,186232.8
951,WI,IL,5623,77078.46
952,WV,IL,813,10801.88
953,WY,IL,360,10773.36
954,ZZ,IL,729,18115.6
955,,IL,2,5.56
956,AA,IN,8,202.64
957,AB,IN,1,1.0
958,AE,IN,30,1112.27
959,AK,IN,139,4897.27
960,AL,IN,319,5778.13
961,AP,IN,10,608.35
962,AR,IN,98,3015.02
963,AZ,IN,674,21647.49
964,BC,IN,43,320.16
965,CA,IN,16466,878759.4
966,CO,IN,1613,49479.88
967,CT,IN,1115,88177.88
968,DC,IN,1789,304968.98
969,DE,IN,167,2856.78
970,FL,IN,1990,116206.15
971,GA,IN,774,17226.42
972,GU,IN,3,51.0
973,HI,IN,355,10453.81
974,IA,IN,241,3706.43
975,ID,IN,142,3965.05
976,IL,IN,5709,294195.72
977,IN,IN,50920,2803160.74
978,KS,IN,267,6376.05
979,KY,IN,1101,89555.85
980,LA,IN,208,4292.68
981,MA,IN,4055,224904.51
982,MD,IN,2358,228148.95
983,ME,IN,240,12842.91
984,MI,IN,1417,37897.85
985,MN,IN,1038,20475.66
986,MO,IN,661,14918.13
987,MS,IN,51,6074.05
988,MT,IN,125,4280.39
989,NC,IN,1033,22931.38
990,ND,IN,47,889.92
991,NE,IN,126,4488.43
992,NH,IN,286,10120.28
993,NJ,IN,1840,90444.99
994,NL,IN,1,14.29
995,NM,IN,694,15980.3
996,NV,IN,392,9443.76
997,NY,IN,8783,806464.89
998,OH,IN,1148,28507.76
999,OK,IN,202,12764.26
1000,ON,IN,21,62.0
1001,OR,IN,2303,28695.6
1002,PA,IN,2083,61615.86
1003,PR,IN,7,2747.88
1004,QC,IN,10,10.0
1005,RI,IN,306,11421.68
1006,SC,IN,319,6820.83
1007,SD,IN,57,1052.95
1008,TN,IN,523,27213.97
1009,TX,IN,2188,161388.84
1010,UT,IN,224,12202.46
1011,VA,IN,2118,135939.44
1012,VI,IN,2,200.0
1013,VT,IN,301,8903.02
1014,WA,IN,3936,109972.38
1015,WI,IN,701,14359.81
1016,WV,IN,409,2843.32
1017,WY,IN,42,1764.82
1018,ZZ,IN,179,6909.97
1019,,IN,3,50.0
1020,AA,KS,7,159.6
1021,AB,KS,12,159.0
1022,AE,KS,55,919.72
1023,AK,KS,350,4903.74
1024,AL,KS,557,5462.79
1025,AP,KS,23,225.31
1026,AR,KS,395,7346.36
1027,AS,KS,3,9.0
1028,AZ,KS,2133,25066.73
1029,BC,KS,47,330.97
1030,CA,KS,30560,1059675.01
1031,CO,KS,3348,72526.26
1032,CT,KS,1959,54512.62
1033,DC,KS,2462,176469.84
1034,DE,KS,340,3622.91
1035,FL,KS,4453,72513.34
1036,GA,KS,1649,30484.2
1037,GU,KS,5,93.08
1038,HI,KS,652,7503.83
1039,IA,KS,873,35915.41
1040,ID,KS,385,3474.26
1041,IL,KS,5677,117107.55
1042,IN,KS,1022,12063.28
1043,KS,KS,27378,1838629.51
1044,KY,KS,572,5674.11
1045,LA,KS,526,7103.07
1046,MA,KS,7522,206088.1
1047,MD,KS,3657,130183.97
1048,ME,KS,738,12115.56
1049,MI,KS,2677,37984.71
1050,MN,KS,2249,31740.26
1051,MO,KS,3531,239991.14
1052,MP,KS,1,13.5
1053,MS,KS,141,3666.16
1054,MT,KS,274,7454.98
1055,NC,KS,2427,30419.35
1056,ND,KS,99,1340.89
1057,NE,KS,423,12022.51
1058,NH,KS,691,7923.62
1059,NJ,KS,3293,51943.81
1060,NM,KS,1381,17879.73
1061,NS,KS,6,81.92
1062,NV,KS,700,16060.24
1063,NY,KS,14426,466237.89
1064,OH,KS,2304,27463.23
1065,OK,KS,651,19576.64
1066,ON,KS,43,488.52
1067,OR,KS,5082,72981.62
1068,PA,KS,4127,74974.08
1069,PR,KS,37,670.18
1070,QC,KS,16,72.5
1071,RI,KS,488,8907.11
1072,SC,KS,573,11346.3
1073,SD,KS,169,7508.07
1074,TN,KS,1016,13308.38
1075,TX,KS,5170,138064.44
1076,UT,KS,544,11564.77
1077,VA,KS,3568,78899.08
1078,VI,KS,21,257.71
1079,VT,KS,827,10211.99
1080,WA,KS,6974,118434.67
1081,WI,KS,1540,22551.53
1082,WV,KS,207,7272.75
1083,WY,KS,150,5889.34
1084,YT,KS,3,16.0
1085,ZZ,KS,354,9430.25
1086,,KS,10,134.78
1087,AA,KY,10,250.0
1088,AB,KY,5,136.18
1089,AE,KY,45,2549.72
1090,AK,KY,113,4455.52
1091,AL,KY,181,8359.41
1092,AP,KY,14,762.88
1093,AR,KY,129,6686.57
1094,AZ,KY,525,27947.85
1095,BC,KY,9,153.0
1096,CA,KY,12340,1029002.54
1097,CO,KY,1119,63474.1
1098,CT,KY,849,64155.76
1099,DC,KY,1294,152211.56
1100,DE,KY,114,3737.15
1101,FL,KY,1785,115972.54
1102,GA,KY,734,38834.53
1103,HI,KY,208,13004.99
1104,IA,KY,141,3065.36
1105,ID,KY,163,3475.78
1106,IL,KY,1815,106366.96
1107,IN,KY,460,25305.79
1108,KS,KY,212,6688.18
1109,KY,KY,12007,1316117.48
1110,LA,KY,217,16684.55
1111,MA,KY,3688,349284.16
1112,MD,KY,1898,144227.62
1113,ME,KY,288,13746.9
1114,MI,KY,773,31030.78
1115,MN,KY,725,18349.99
1116,MO,KY,423,21531.11
1117,MP,KY,2,58.34
1118,MS,KY,154,6455.46
1119,MT,KY,112,8908.35
1120,NC,KY,997,36837.86
1121,ND,KY,16,548.5
1122,NE,KY,90,6065.89
1123,NH,KY,237,9565.88
1124,NJ,KY,1211,80447.44
1125,NM,KY,336,13258.79
1126,NS,KY,1,10.0
1127,NV,KY,298,9100.04
1128,NY,KY,5676,608095.58
1129,OH,KY,981,49482.13
1130,OK,KY,224,10797.0
1131,ON,KY,14,411.49
1132,OR,KY,1572,53158.9
1133,PA,KY,1487,49755.07
1134,PE,KY,1,1.0
1135,PR,KY,8,255.0
1136,QC,KY,16,529.0
1137,RI,KY,185,13258.81
1138,SC,KY,308,16080.0
1139,SD,KY,31,2691.62
1140,TN,KY,607,46596.7
1141,TX,KY,1905,104969.9
1142,UT,KY,180,7253.43
1143,VA,KY,1924,139253.28
1144,VI,KY,4,127.0
1145,VT,KY,337,9247.35
1146,WA,KY,2444,115251.55
1147,WI,KY,389,14518.91
1148,WV,KY,149,6203.23
1149,WY,KY,53,3032.91
1150,ZZ,KY,138,11613.76
1151,,KY,6,2054.92
1152,AK,LA,1,200.0
1153,AL,LA,5,55.0
1154,AP,LA,1,100.0
1155,AR,LA,5,340.0
1156,AZ,LA,4,72.0
1157,CA,LA,76,20968.0
1158,CO,LA,9,795.0
1159,CT,LA,1,100.0
1160,DC,LA,33,16331.25
1161,DE,LA,2,60.0
1162,FL,LA,9,244.0
1163,GA,LA,11,2760.0
1164,HI,LA,1,25.0
1165,IA,LA,3,150.0
1166,ID,LA,1,6.0
1167,IL,LA,10,369.0
1168,IN,LA,3,150.0
1169,KS,LA,5,50.0
1170,KY,LA,3,45.0
1171,LA,LA,2225,222430.19
1172,MA,LA,18,602.0
1173,MD,LA,28,6810.0
1174,ME,LA,1,15.0
1175,MI,LA,6,4335.0
1176,MN,LA,1,100.0
1177,MO,LA,2,1010.0
1178,MS,LA,1,27.0
1179,NC,LA,9,404.0
1180,NE,LA,1,100.0
1181,NH,LA,2,110.0
1182,NJ,LA,7,231.0
1183,NM,LA,4,78.0
1184,NV,LA,7,3725.0
1185,NY,LA,77,2864.71
1186,OH,LA,5,240.0
1187,OR,LA,7,237.0
1188,PA,LA,10,650.0
1189,RI,LA,3,115.0
1190,SC,LA,4,1175.0
1191,TN,LA,4,185.0
1192,TX,LA,45,18417.0
1193,UT,LA,2,75.0
1194,VA,LA,17,4609.0
1195,WA,LA,20,1147.4
1196,WI,LA,1,500.0
1197,WY,LA,1,25.0
1198,ZZ,LA,1,20.0
1199,AA,MA,49,772.08
1200,AB,MA,25,301.83
1201,AE,MA,152,3568.1
1202,AK,MA,1985,33106.61
1203,AL,MA,2017,39206.8
1204,AP,MA,71,3643.87
1205,AR,MA,1916,31067.77
1206,AS,MA,4,65.0
1207,AZ,MA,12457,175928.83
1208,BC,MA,106,1360.83
1209,BW,MA,10,78.0
1210,CA,MA,143890,3250419.22
1211,CO,MA,16722,275983.38
1212,CT,MA,11390,268351.83
1213,DC,MA,4292,426017.41
1214,DE,MA,1697,35095.94
1215,FL,MA,27064,515350.12
1216,GA,MA,8292,142128.3
1217,GU,MA,25,295.0
1218,HI,MA,3756,55741.54
1219,IA,MA,3782,49148.22
1220,ID,MA,2613,35333.75
1221,IL,MA,20871,445755.7
1222,IN,MA,5887,89362.83
1223,KS,MA,3549,43289.21
1224,KY,MA,3520,81733.2
1225,LA,MA,2441,42626.71
1226,MA,MA,128435,7490243.14
1227,MB,MA,9,34.5
1228,MD,MA,13562,407019.76
1229,ME,MA,5690,94266.45
1230,MI,MA,15019,220226.97
1231,MN,MA,10371,158595.57
1232,MO,MA,6797,97873.76
1233,MP,MA,25,688.0
1234,MS,MA,703,10112.91
1235,MT,MA,2145,37525.35
1236,NB,MA,2,101.0
1237,NC,MA,12603,202784.28
1238,ND,MA,389,5041.52
1239,NE,MA,2032,27053.85
1240,NH,MA,5371,153733.49
1241,NJ,MA,15638,318565.33
1242,NM,MA,7332,116977.65
1243,NS,MA,11,166.5
1244,NT,MA,1,5.0
1245,NV,MA,3950,65523.05
1246,NY,MA,54198,1763227.57
1247,OH,MA,11885,159843.94
1248,OK,MA,3138,49942.26
1249,ON,MA,89,1627.27
1250,OR,MA,22873,324203.66
1251,PA,MA,19755,347426.65
1252,PG,MA,2,5.0
1253,PR,MA,116,5378.76
1254,QC,MA,98,1244.0
1255,RI,MA,2932,72503.06
1256,SC,MA,3417,56071.77
1257,SD,MA,694,10570.54
1258,SK,MA,1,100.0
1259,TN,MA,5898,131778.68
1260,TX,MA,23356,449849.88
1261,UT,MA,3355,51261.91
1262,VA,MA,13223,346348.25
1263,VI,MA,90,4194.08
1264,VT,MA,4220,77579.48
1265,WA,MA,31452,526429.79
1266,WI,MA,9056,142766.6
1267,WV,MA,1615,18644.33
1268,WY,MA,844,13919.13
1269,YT,MA,12,730.0
1270,ZZ,MA,1107,37259.04
1271,,MA,16,1182.5
1272,AA,MD,21,94.0
1273,AE,MD,19,580.0
1274,AK,MD,43,193.93
1275,AL,MD,54,7425.83
1276,AP,MD,2,50.0
1277,AR,MD,52,1706.22
1278,AZ,MD,206,2643.42
1279,BC,MD,19,87.18
1280,CA,MD,2919,268247.91
1281,CO,MD,326,29850.77
1282,CT,MD,247,25255.24
1283,DC,MD,1004,245927.0
1284,DE,MD,66,4434.63
1285,FL,MD,571,108050.01
1286,GA,MD,144,6089.3
1287,GU,MD,2,51.0
1288,HI,MD,51,1188.93
1289,IA,MD,41,361.56
1290,ID,MD,30,228.1
1291,IL,MD,574,47130.68
1292,IN,MD,85,6459.8
1293,KS,MD,59,4336.19
1294,KY,MD,47,252.57
1295,LA,MD,47,1791.9
1296,MA,MD,841,76025.0
1297,MD,MD,29725,2143040.24
1298,ME,MD,80,704.44
1299,MI,MD,317,31947.22
1300,MN,MD,153,5763.64
1301,MO,MD,144,10792.44
1302,MS,MD,20,345.0
1303,MT,MD,19,166.24
1304,NC,MD,336,40162.49
1305,ND,MD,21,1200.5
1306,NE,MD,31,520.47
1307,NH,MD,86,7537.0
1308,NJ,MD,434,48973.61
1309,NM,MD,133,4673.41
1310,NV,MD,149,5108.34
1311,NY,MD,1680,243027.52
1312,OH,MD,179,15106.49
1313,OK,MD,84,11918.75
1314,ON,MD,5,77.0
1315,OR,MD,493,7670.48
1316,PA,MD,518,30086.15
1317,PR,MD,3,130.0
1318,QC,MD,2,2.0
1319,RI,MD,33,8264.64
1320,SC,MD,60,5045.23
1321,SD,MD,6,116.0
1322,TN,MD,69,5962.35
1323,TX,MD,626,59135.8
1324,UT,MD,57,844.09
1325,VA,MD,977,197682.5
1326,VI,MD,1,27.0
1327,VT,MD,64,2125.44
1328,WA,MD,557,30229.93
1329,WI,MD,133,3121.51
1330,WV,MD,33,2917.82
1331,WY,MD,11,4036.0
1332,ZZ,MD,89,5468.5
1333,,MD,1,100.0
1334,AA,ME,4,53.33
1335,AB,ME,2,26.0
1336,AE,ME,9,66.13
1337,AK,ME,46,2197.83
1338,AL,ME,65,1536.22
1339,AP,ME,5,604.53
1340,AR,ME,33,247.89
1341,AS,ME,1,2.0
1342,AZ,ME,273,14334.63
1343,BC,ME,11,85.74
1344,CA,ME,8734,790154.24
1345,CO,ME,522,12962.34
1346,CT,ME,504,39142.83
1347,DC,ME,962,84790.4
1348,DE,ME,68,818.59
1349,FL,ME,613,59919.24
1350,GA,ME,349,11981.09
1351,HI,ME,64,568.63
1352,IA,ME,87,924.6
1353,ID,ME,83,4038.36
1354,IL,ME,1380,46647.33
1355,IN,ME,200,4620.37
1356,KS,ME,71,598.34
1357,KY,ME,86,719.36
1358,LA,ME,82,2192.14
1359,MA,ME,4265,353374.44
1360,MD,ME,862,60302.38
1361,ME,ME,12090,1235724.68
1362,MI,ME,425,5992.79
1363,MN,ME,408,8567.47
1364,MO,ME,151,1167.82
1365,MS,ME,13,219.27
1366,MT,ME,38,9873.72
1367,NC,ME,511,11883.95
1368,ND,ME,8,130.11
1369,NE,ME,66,12225.32
1370,NH,ME,177,10120.41
1371,NJ,ME,651,22418.88
1372,NM,ME,204,2567.27
1373,NS,ME,1,25.0
1374,NV,ME,95,9869.42
1375,NY,ME,4467,361892.71
1376,OH,ME,310,8499.55
1377,OK,ME,41,2427.43
1378,ON,ME,16,174.4
1379,OR,ME,974,16650.96
1380,PA,ME,1021,39771.04
1381,PR,ME,4,11.5
1382,QC,ME,5,228.22
1383,RI,ME,182,15008.58
1384,SC,ME,92,1423.23
1385,SD,ME,7,1042.34
1386,TN,ME,143,1347.9
1387,TX,ME,942,25847.69
1388,UT,ME,119,2843.91
1389,VA,ME,811,51724.68
1390,VI,ME,4,105.5
1391,VT,ME,163,6402.66
1392,WA,ME,1523,56275.82
1393,WI,ME,217,3036.79
1394,WV,ME,25,2779.11
1395,WY,ME,26,6918.12
1396,ZZ,ME,145,9768.83
1397,,ME,1,2.14
1398,AA,MI,14,348.6
1399,AB,MI,14,1223.5
1400,AE,MI,46,1408.37
1401,AK,MI,351,5122.67
1402,AL,MI,520,9450.24
1403,AP,MI,62,3429.29
1404,AR,MI,318,14300.98
1405,AS,MI,1,2.0
1406,AZ,MI,2022,46533.93
1407,BC,MI,44,514.91
1408,CA,MI,32705,1981028.28
1409,CO,MI,2816,107546.2
1410,CT,MI,2011,124995.08
1411,DC,MI,4023,586432.42
1412,DE,MI,361,3825.94
1413,FL,MI,4857,307659.81
1414,GA,MI,1718,72389.93
1415,GU,MI,8,1013.55
1416,HI,MI,596,6454.89
1417,IA,MI,570,7197.82
1418,ID,MI,351,3406.62
1419,IL,MI,7205,508155.31
1420,IN,MI,1262,32959.59
1421,KS,MI,515,3106.86
1422,KY,MI,718,33172.28
1423,LA,MI,602,17092.02
1424,MA,MI,7925,494743.35
1425,MB,MI,3,11.11
1426,MD,MI,4292,382415.13
1427,ME,MI,617,8237.19
1428,MI,MI,96573,6047680.35
1429,MN,MI,2440,32981.06
1430,MO,MI,1289,19135.17
1431,MS,MI,123,6654.86
1432,MT,MI,252,6243.24
1433,NC,MI,2348,50291.5
1434,ND,MI,65,426.41
1435,NE,MI,299,5348.6
1436,NH,MI,604,8443.21
1437,NJ,MI,3408,114004.2
1438,NM,MI,1152,17892.41
1439,NS,MI,3,33.42
1440,NV,MI,623,15988.94
1441,NY,MI,16337,1487481.38
1442,OH,MI,2641,91974.46
1443,OK,MI,415,7704.56
1444,ON,MI,62,1714.21
1445,OR,MI,4209,50084.33
1446,PA,MI,4114,127151.39
1447,PR,MI,22,310.09
1448,QC,MI,23,59.05
1449,RI,MI,455,17521.92
1450,SC,MI,562,9697.14
1451,SD,MI,161,3006.32
1452,TN,MI,1021,35108.03
1453,TX,MI,4852,149814.58
1454,UT,MI,530,17978.64
1455,VA,MI,4263,264891.86
1456,VI,MI,10,220.5
1457,VT,MI,711,10867.44
1458,WA,MI,6603,148220.09
1459,WI,MI,1621,30820.0
1460,WV,MI,333,1718.73
1461,WY,MI,112,3959.55
1462,ZZ,MI,460,54354.63
1463,,MI,5,104.78
1464,AA,MN,27,480.87
1465,AB,MN,12,224.83
1466,AE,MN,76,1636.68
1467,AK,MN,838,11859.78
1468,AL,MN,1084,12580.45
1469,AP,MN,41,1126.72
1470,AR,MN,718,12445.38
1471,AS,MN,11,75.17
1472,AZ,MN,4733,68966.0
1473,BC,MN,61,978.5
1474,CA,MN,65163,2185777.74
1475,CO,MN,6648,168417.33
1476,CT,MN,4323,150988.27
1477,DC,MN,4373,441522.11
1478,DE,MN,700,15667.08
1479,FL,MN,9775,252217.53
1480,GA,MN,3544,85116.75
1481,GU,MN,17,397.0
1482,HI,MN,1649,22104.47
1483,IA,MN,1860,35869.97
1484,ID,MN,834,7332.13
1485,IL,MN,13739,426888.9
1486,IN,MN,2334,36796.43
1487,KS,MN,1191,12958.87
1488,KY,MN,1300,18894.22
1489,LA,MN,1035,21045.5
1490,MA,MN,16362,637033.21
1491,MB,MN,1,5.0
1492,MD,MN,7753,334470.07
1493,ME,MN,1602,26137.13
1494,MI,MN,6504,77785.46
1495,MN,MN,107479,6556042.35
1496,MO,MN,2928,25569.59
1497,MP,MN,8,94.66
1498,MS,MN,297,3343.47
1499,MT,MN,746,16559.46
1500,NC,MN,5019,63906.15
1501,ND,MN,445,11476.46
1502,NE,MN,721,25593.59
1503,NH,MN,1433,17087.48
1504,NJ,MN,7269,163748.05
1505,NM,MN,3025,85735.48
1506,NS,MN,7,41.84
1507,NT,MN,2,22.0
1508,NV,MN,1558,29830.19
1509,NY,MN,32051,1189199.28
1510,OH,MN,5151,58347.44
1511,OK,MN,1045,24454.9
1512,ON,MN,73,739.55
1513,OR,MN,9511,109910.93
1514,PA,MN,9072,155763.69
1515,PR,MN,41,677.59
1516,QC,MN,21,67.0
1517,RI,MN,1055,23340.56
1518,SC,MN,1327,16986.43
1519,SD,MN,441,9928.26
1520,TN,MN,2351,42279.14
1521,TX,MN,11356,257881.88
1522,UT,MN,1042,11158.3
1523,VA,MN,7329,195837.86
1524,VI,MN,34,2717.5
1525,VT,MN,1882,37878.44
1526,WA,MN,14491,267042.45
1527,WI,MN,5152,81499.88
1528,WV,MN,722,7450.94
1529,WY,MN,244,6269.72
1530,YT,MN,2,30.0
1531,ZZ,MN,562,26397.25
1532,,MN,4,40.54
1533,AA,MO,38,1373.94
1534,AB,MO,7,72.0
1535,AE,MO,121,3705.78
1536,AK,MO,766,18871.07
1537,AL,MO,1316,33747.01
1538,AP,MO,34,3637.78
1539,AR,MO,1420,42928.11
1540,AS,MO,7,60.0
1541,AZ,MO,4602,110083.44
1542,BC,MO,27,444.14
1543,CA,MO,56765,2125581.02
1544,CO,MO,6854,230734.64
1545,CT,MO,5034,177006.72
1546,DC,MO,3232,334234.26
1547,DE,MO,964,19384.23
1548,FL,MO,11552,307043.62
1549,GA,MO,3814,107089.51
1550,GU,MO,7,50.96
1551,HE,MO,1,5.0
1552,HI,MO,1265,35738.94
1553,IA,MO,2174,38720.97
1554,ID,MO,899,18227.13
1555,IL,MO,15937,689362.04
1556,IN,MO,2388,54012.85
1557,KS,MO,4534,246178.19
1558,KY,MO,1617,37800.72
1559,LA,MO,1172,34882.22
1560,MA,MO,13940,668270.46
1561,MB,MO,33,267.21
1562,MD,MO,7146,357671.55
1563,ME,MO,1546,47476.84
1564,MI,MO,6262,120020.06
1565,MN,MO,4119,81011.99
1566,MO,MO,81098,5196116.21
1567,MP,MO,17,245.0
1568,MS,MO,345,17064.88
1569,MT,MO,655,15350.41
1570,NB,MO,3,28.5
1571,NC,MO,4948,133334.42
1572,ND,MO,176,2895.57
1573,NE,MO,854,19767.36
1574,NH,MO,1669,39550.14
1575,NJ,MO,7688,261542.9
1576,NL,MO,3,20.39
1577,NM,MO,2726,77627.61
1578,NS,MO,1,1.0
1579,NV,MO,1909,63722.26
1580,NY,MO,29937,1738546.61
1581,OH,MO,4607,89648.35
1582,OK,MO,1523,51163.02
1583,ON,MO,41,510.59
1584,OR,MO,7505,164834.86
1585,PA,MO,8012,222927.15
1586,PR,MO,24,129.92
1587,QC,MO,30,315.96
1588,RI,MO,1044,35853.99
1589,SC,MO,1646,33159.65
1590,SD,MO,373,10076.5
1591,SK,MO,2,35.0
1592,TN,MO,2683,69004.82
1593,TX,MO,11171,441731.43
1594,UT,MO,1046,33708.8
1595,VA,MO,6840,246053.59
1596,VI,MO,55,912.66
1597,VT,MO,1391,50391.0
1598,WA,MO,12826,355146.94
1599,WI,MO,3213,59186.47
1600,WV,MO,1019,9820.71
1601,WY,MO,312,10884.93
1602,ZZ,MO,374,19332.95
1603,,MO,3,300.0
1604,CA,MP,19,118.0
1605,DC,MP,2,2.0
1606,FL,MP,1,1.0
1607,GA,MP,1,2.03
1608,HI,MP,1,100.0
1609,IL,MP,3,3.0
1610,IN,MP,2,2.0
1611,KS,MP,1,1.0
1612,KY,MP,1,1.0
1613,MA,MP,3,4.02
1614,MD,MP,4,4.0
1615,MN,MP,2,2.0
1616,MO,MP,1,1.0
1617,NJ,MP,2,2.0
1618,NY,MP,14,17.03
1619,OK,MP,1,1.0
1620,OR,MP,2,3.03
1621,PA,MP,4,4.0
1622,SC,MP,1,1.0
1623,TX,MP,5,5.0
1624,VA,MP,3,4.23
1625,WA,MP,5,12.06
1626,WI,MP,4,4.0
1627,ZZ,MP,3,13.0
1628,AE,MS,9,352.5
1629,AK,MS,22,1273.41
1630,AL,MS,124,8701.66
1631,AP,MS,2,120.0
1632,AR,MS,42,10518.25
1633,AZ,MS,112,1951.82
1634,BC,MS,5,254.0
1635,CA,MS,3415,240712.56
1636,CO,MS,218,13960.48
1637,CT,MS,159,8358.42
1638,DC,MS,375,60389.06
1639,DE,MS,35,529.42
1640,FL,MS,412,26603.19
1641,GA,MS,268,24907.79
1642,HI,MS,45,881.68
1643,IA,MS,48,2221.33
1644,ID,MS,22,332.63
1645,IL,MS,454,49801.82
1646,IN,MS,86,2118.12
1647,KS,MS,54,693.83
1648,KY,MS,68,4437.63
1649,LA,MS,162,18043.8
1650,MA,MS,653,60790.37
1651,MD,MS,555,64466.59
1652,ME,MS,49,697.5
1653,MI,MS,179,3214.4
1654,MN,MS,129,4551.99
1655,MO,MS,94,3864.6
1656,MS,MS,3173,318252.65
1657,MT,MS,13,248.87
1658,NC,MS,344,18946.43
1659,ND,MS,5,72.5
1660,NE,MS,22,388.22
1661,NH,MS,38,1001.51
1662,NJ,MS,272,23418.71
1663,NM,MS,71,669.41
1664,NV,MS,51,3503.5
1665,NY,MS,1243,141170.53
1666,OH,MS,146,7270.1
1667,OK,MS,32,524.5
1668,ON,MS,9,90.5
1669,OR,MS,243,5358.58
1670,PA,MS,328,21817.08
1671,PE,MS,1,50.0
1672,PR,MS,2,17.5
1673,QC,MS,2,2.0
1674,RI,MS,44,1594.1
1675,SC,MS,65,4788.66
1676,SD,MS,29,260.0
1677,TN,MS,220,35759.5
1678,TX,MS,528,24908.18
1679,UT,MS,39,659.41
1680,VA,MS,489,38084.64
1681,VI,MS,4,237.5
1682,VT,MS,66,1970.83
1683,WA,MS,462,17909.55
1684,WI,MS,82,1368.21
1685,WV,MS,25,66.32
1686,WY,MS,9,588.07
1687,ZZ,MS,24,1531.5
1688,,MS,1,20.0
1689,AA,MT,39,760.61
1690,AB,MT,46,715.0
1691,AE,MT,129,3131.86
1692,AK,MT,1543,45296.02
1693,AL,MT,1353,21039.84
1694,AP,MT,53,659.83
1695,AR,MT,1031,24777.98
1696,AS,MT,29,241.0
1697,AZ,MT,7953,135708.56
1698,BC,MT,82,1492.99
1699,CA,MT,90075,2690600.56
1700,CO,MT,12418,254702.27
1701,CT,MT,6078,162834.21
1702,DC,MT,4066,333455.98
1703,DE,MT,1098,18219.54
1704,FL,MT,14669,262610.71
1705,GA,MT,5123,93694.78
1706,GU,MT,7,47.43
1707,HI,MT,2237,52051.75
1708,IA,MT,2094,35126.52
1709,ID,MT,3107,73320.59
1710,IL,MT,14598,366549.81
1711,IN,MT,3080,47378.04
1712,KS,MT,1712,26051.02
1713,KY,MT,1635,30094.56
1714,LA,MT,1502,35136.0
1715,MA,MT,19237,556441.64
1716,MB,MT,23,244.7
1717,MD,MT,8971,291172.39
1718,ME,MT,2314,46694.77
1719,MI,MT,7841,117390.9
1720,MN,MT,6980,123323.35
1721,MO,MT,3966,59224.48
1722,MP,MT,11,335.0
1723,MS,MT,401,13331.73
1724,MT,MT,69691,3773765.47
1725,NC,MT,6591,118564.28
1726,ND,MT,447,9632.76
1727,NE,MT,1204,28610.67
1728,NH,MT,2268,46562.82
1729,NJ,MT,10095,170652.39
1730,NL,MT,3,62.5
1731,NM,MT,5202,96429.71
1732,NS,MT,21,377.34
1733,NT,MT,1,7.5
1734,NV,MT,2734,48766.85
1735,NY,MT,39337,1214355.34
1736,OH,MT,6026,98406.9
1737,OK,MT,1397,26599.72
1738,ON,MT,109,1895.4
1739,OR,MT,16781,298874.02
1740,PA,MT,12430,226866.26
1741,PR,MT,70,1079.34
1742,QC,MT,41,528.85
1743,RI,MT,1509,39797.7
1744,SC,MT,1855,26137.9
1745,SD,MT,656,13501.6
1746,SK,MT,6,143.5
1747,TN,MT,3598,96448.62
1748,TX,MT,15229,416938.63
1749,UT,MT,2315,57647.41
1750,VA,MT,8061,224301.84
1751,VI,MT,84,1807.7
1752,VT,MT,2357,59390.7
1753,WA,MT,24655,662904.02
1754,WI,MT,5339,85385.99
1755,WV,MT,839,10606.57
1756,WY,MT,1436,66268.64
1757,YT,MT,5,310.0
1758,ZZ,MT,539,17446.92
1759,AA,NC,3,18.5
1760,AE,NC,11,84.15
1761,AK,NC,45,671.07
1762,AL,NC,217,3662.22
1763,AP,NC,7,61.69
1764,AR,NC,52,642.66
1765,AZ,NC,319,2955.02
1766,BC,NC,21,66.08
1767,CA,NC,7530,489336.95
1768,CO,NC,619,17788.27
1769,CT,NC,510,46972.78
1770,DC,NC,1122,90442.68
1771,DE,NC,47,8580.64
1772,FL,NC,968,111644.84
1773,GA,NC,470,29044.84
1774,GU,NC,1,10.0
1775,HI,NC,114,11958.05
1776,IA,NC,129,2455.73
1777,ID,NC,54,1384.09
1778,IL,NC,1380,58224.23
1779,IN,NC,218,3128.2
1780,KS,NC,85,1265.88
1781,KY,NC,94,838.29
1782,LA,NC,133,6713.1
1783,MA,NC,2674,182049.62
1784,MD,NC,1127,118187.98
1785,ME,NC,117,5006.83
1786,MI,NC,565,54223.65
1787,MN,NC,458,21360.76
1788,MO,NC,239,4404.37
1789,MS,NC,21,738.94
1790,MT,NC,31,862.96
1791,NC,NC,20497,2723187.41
1792,ND,NC,13,246.75
1793,NE,NC,37,516.21
1794,NH,NC,128,5515.27
1795,NJ,NC,848,63729.99
1796,NM,NC,227,10708.1
1797,NV,NC,94,2200.72
1798,NY,NC,4121,475153.26
1799,OH,NC,487,17636.76
1800,OK,NC,68,11866.7
1801,ON,NC,20,249.18
1802,OR,NC,809,11747.7
1803,PA,NC,1020,30445.01
1804,PR,NC,3,109.25
1805,QC,NC,13,13.0
1806,RI,NC,161,9462.92
1807,SC,NC,273,24531.24
1808,SD,NC,9,1285.0
1809,TN,NC,207,13850.1
1810,TX,NC,1105,54150.05
1811,UT,NC,137,7474.04
1812,VA,NC,1271,54178.41
1813,VT,NC,142,1360.19
1814,WA,NC,1706,47864.01
1815,WI,NC,222,5196.09
1816,WV,NC,39,721.67
1817,WY,NC,28,1813.89
1818,ZZ,NC,119,5231.51
1819,,NC,2,102.78
1820,AA,ND,10,1175.14
1821,AE,ND,30,630.67
1822,AK,ND,224,9034.44
1823,AL,ND,457,11541.79
1824,AP,ND,13,241.63
1825,AR,ND,208,8177.9
1826,AZ,ND,1430,52337.32
1827,BC,ND,11,176.58
1828,CA,ND,24550,1146091.08
1829,CO,ND,2747,138468.82
1830,CT,ND,1846,119640.16
1831,DC,ND,1602,321583.34
1832,DE,ND,329,7674.81
1833,FL,ND,3384,161452.03
1834,GA,ND,1071,53126.62
1835,GU,ND,4,38.33
1836,HI,ND,506,18746.09
1837,IA,ND,467,11777.9
1838,ID,ND,235,7628.35
1839,IL,ND,5213,270206.88
1840,IN,ND,787,14458.75
1841,KS,ND,354,6695.95
1842,KY,ND,430,9988.18
1843,LA,ND,297,16148.69
1844,MA,ND,5463,388531.29
1845,MB,ND,1,25.0
1846,MD,ND,2685,252787.6
1847,ME,ND,529,20088.08
1848,MI,ND,2007,42874.76
1849,MN,ND,3153,122450.63
1850,MO,ND,927,18693.75
1851,MS,ND,109,8539.59
1852,MT,ND,412,17270.61
1853,NC,ND,1303,38662.06
1854,ND,ND,6737,625224.91
1855,NE,ND,316,8501.28
1856,NH,ND,617,22327.25
1857,NJ,ND,2449,110724.37
1858,NL,ND,1,14.28
1859,NM,ND,1068,26679.86
1860,NS,ND,2,3.5
1861,NV,ND,776,29521.34
1862,NY,ND,10779,943563.06
1863,OH,ND,1314,31554.34
1864,OK,ND,346,23640.77
1865,ON,ND,9,89.5
1866,OR,ND,3723,80856.7
1867,PA,ND,2689,110091.79
1868,PR,ND,13,183.09
1869,QC,ND,7,22.5
1870,RI,ND,365,12866.67
1871,SC,ND,481,30838.24
1872,SD,ND,316,12682.83
1873,SK,ND,2,35.0
1874,TN,ND,834,29970.67
1875,TX,ND,3401,270451.82
1876,UT,ND,331,22794.7
1877,VA,ND,2708,178426.95
1878,VI,ND,13,245.0
1879,VT,ND,502,16017.14
1880,WA,ND,5802,225604.8
1881,WI,ND,1137,24267.35
1882,WV,ND,552,4562.69
1883,WY,ND,137,6075.75
1884,ZZ,ND,146,13796.89
1885,,ND,1,20.0
1886,AA,NE,6,8.37
1887,AB,NE,5,37.0
1888,AE,NE,20,115.82
1889,AK,NE,195,2022.38
1890,AL,NE,321,1718.72
1891,AP,NE,13,36.11
1892,AR,NE,206,612.2
1893,AS,NE,2,4.0
1894,AZ,NE,1272,11487.28
1895,BC,NE,28,578.97
1896,CA,NE,19316,311810.48
1897,CO,NE,1862,19843.97
1898,CT,NE,1148,10368.62
1899,DC,NE,1473,66337.79
1900,DE,NE,223,924.12
1901,FL,NE,2602,27933.77
1902,GA,NE,1006,4805.37
1903,GU,NE,4,19.83
1904,HI,NE,413,3566.0
1905,IA,NE,463,5746.69
1906,ID,NE,207,793.34
1907,IL,NE,3910,55950.38
1908,IN,NE,599,2961.71
1909,KS,NE,456,3171.8
1910,KY,NE,393,2171.28
1911,LA,NE,327,4424.17
1912,MA,NE,4728,97502.25
1913,MD,NE,2373,65861.81
1914,ME,NE,405,6484.21
1915,MI,NE,1548,7872.38
1916,MN,NE,1530,9916.54
1917,MO,NE,894,4703.58
1918,MP,NE,2,58.32
1919,MS,NE,74,428.25
1920,MT,NE,184,1692.06
1921,NC,NE,1641,10127.39
1922,ND,NE,50,250.14
1923,NE,NE,16415,1121780.86
1924,NH,NE,456,2980.15
1925,NJ,NE,2124,13273.6
1926,NM,NE,780,5735.23
1927,NS,NE,2,14.42
1928,NV,NE,392,3457.33
1929,NY,NE,9112,176427.71
1930,OH,NE,1506,8213.36
1931,OK,NE,248,1549.65
1932,ON,NE,31,159.99
1933,OR,NE,2790,14200.45
1934,PA,NE,2506,19704.13
1935,PR,NE,12,369.89
1936,QC,NE,6,12.0
1937,RI,NE,293,3572.41
1938,SC,NE,368,3997.37
1939,SD,NE,113,7854.37
1940,TN,NE,580,7142.99
1941,TX,NE,2980,18977.76
1942,UT,NE,296,4753.4
1943,VA,NE,2212,31955.88
1944,VI,NE,9,40.0
1945,VT,NE,468,2886.46
1946,WA,NE,4453,42644.05
1947,WI,NE,957,4638.9
1948,WV,NE,130,478.09
1949,WY,NE,67,2683.15
1950,ZZ,NE,180,1282.45
1951,,NE,1,2.14
1952,AA,NH,3,21.0
1953,AB,NH,2,25.0
1954,AE,NH,26,1099.5
1955,AK,NH,155,1796.99
1956,AL,NH,293,5701.53
1957,AP,NH,11,183.0
1958,AR,NH,211,4364.61
1959,AZ,NH,874,26745.16
1960,BC,NH,23,682.84
1961,CA,NH,11727,517655.99
1962,CO,NH,1392,23063.37
1963,CT,NH,2024,84122.99
1964,DC,NH,1096,162836.97
1965,DE,NH,182,3173.7
1966,FL,NH,2826,101358.4
1967,GA,NH,835,16717.08
1968,HI,NH,270,3958.8
1969,IA,NH,230,2807.88
1970,ID,NH,258,2512.68
1971,IL,NH,2327,209381.88
1972,IN,NH,435,5606.94
1973,KS,NH,266,3816.73
1974,KY,NH,219,2232.92
1975,LA,NH,278,4232.18
1976,MA,NH,9026,885853.83
1977,MD,NH,1724,89474.43
1978,ME,NH,932,42840.62
1979,MI,NH,1203,15745.54
1980,MN,NH,850,18306.88
1981,MO,NH,689,16518.5
1982,MP,NH,1,5.0
1983,MS,NH,46,502.75
1984,MT,NH,153,2330.55
1985,NB,NH,1,1.0
1986,NC,NH,1111,13785.56
1987,ND,NH,51,819.17
1988,NE,NH,151,7226.47
1989,NH,NH,17701,1206233.12
1990,NJ,NH,1626,60226.53
1991,NL,NH,1,25.0
1992,NM,NH,784,11841.51
1993,NV,NH,508,15843.24
1994,NY,NH,7621,465855.66
1995,OH,NH,1083,29538.15
1996,OK,NH,233,2794.34
1997,ON,NH,22,205.75
1998,OR,NH,1993,21830.06
1999,PA,NH,2180,34581.68
2000,PR,NH,18,5592.0
2001,QC,NH,2,112.5
2002,RI,NH,478,24732.16
2003,SC,NH,296,10401.62
2004,SD,NH,33,510.77
2005,TN,NH,553,9811.25
2006,TX,NH,2564,45337.04
2007,UT,NH,267,3292.0
2008,VA,NH,1913,82462.0
2009,VI,NH,16,240.0
2010,VT,NH,916,54925.33
2011,WA,NH,2732,31160.55
2012,WI,NH,713,11539.31
2013,WV,NH,227,1459.34
2014,WY,NH,49,3704.25
2015,ZZ,NH,148,18001.98
2016,,NH,1,2.78
2017,AA,NJ,8,311.1
2018,AB,NJ,5,411.0
2019,AE,NJ,81,4129.39
2020,AK,NJ,369,5166.75
2021,AL,NJ,656,12767.79
2022,AP,NJ,56,3196.83
2023,AR,NJ,512,8613.37
2024,AS,NJ,1,2.0
2025,AZ,NJ,2601,60635.27
2026,BC,NJ,18,37.49
2027,BS,NJ,1,25.0
2028,CA,NJ,34006,1694322.7
2029,CO,NJ,3969,116475.48
2030,CT,NJ,2915,178880.65
2031,DC,NJ,4017,697852.53
2032,DE,NJ,601,27176.28
2033,FL,NJ,6908,291513.86
2034,GA,NJ,2618,80436.2
2035,GU,NJ,7,58.85
2036,HI,NJ,714,12506.71
2037,IA,NJ,819,8264.37
2038,ID,NJ,412,4913.97
2039,IL,NJ,6450,275011.87
2040,IN,NJ,1351,36403.17
2041,KS,NJ,655,13324.21
2042,KY,NJ,777,13487.46
2043,LA,NJ,688,12312.57
2044,MA,NJ,9605,467129.59
2045,MB,NJ,3,13.7
2046,MD,NJ,5678,462787.7
2047,ME,NJ,724,19444.74
2048,MI,NJ,3180,46368.48
2049,MN,NJ,2158,29704.22
2050,MO,NJ,1724,27109.05
2051,MP,NJ,1,1.67
2052,MS,NJ,198,4847.04
2053,MT,NJ,339,10581.37
2054,NC,NJ,3348,63918.75
2055,ND,NJ,101,664.54
2056,NE,NJ,469,6372.65
2057,NH,NJ,796,20356.75
2058,NJ,NJ,78449,5943875.74
2059,NM,NJ,1380,30402.04
2060,NS,NJ,2,11.92
2061,NV,NJ,1055,29741.57
2062,NY,NJ,24546,2270615.13
2063,OH,NJ,2801,50615.55
2064,OK,NJ,536,9091.14
2065,ON,NJ,42,697.42
2066,OR,NJ,4550,65340.25
2067,PA,NJ,7053,273924.2
2068,PR,NJ,49,24978.25
2069,QC,NJ,9,35.85
2070,RI,NJ,543,19562.63
2071,SC,NJ,956,14467.32
2072,SD,NJ,173,2871.54
2073,SH,NJ,1,25.0
2074,TN,NJ,1318,33694.14
2075,TX,NJ,6529,223084.64
2076,UT,NJ,755,18345.59
2077,VA,NJ,5085,284545.64
2078,VI,NJ,18,418.5
2079,VT,NJ,846,20702.01
2080,WA,NJ,7331,177565.53
2081,WI,NJ,1778,19462.37
2082,WV,NJ,284,6595.56
2083,WY,NJ,175,7756.34
2084,ZZ,NJ,311,26526.02
2085,,NJ,6,235.56
2086,AA,NM,26,605.0
2087,AB,NM,7,94.34
2088,AE,NM,53,700.3
2089,AK,NM,218,14470.73
2090,AL,NM,190,3551.8
2091,AP,NM,6,25.53
2092,AR,NM,172,6226.98
2093,AZ,NM,1392,51593.17
2094,BC,NM,22,559.0
2095,CA,NM,14255,1070412.4
2096,CO,NM,2202,86083.48
2097,CT,NM,1115,60141.76
2098,DC,NM,1475,278710.36
2099,DE,NM,162,7478.19
2100,FL,NM,2015,73820.83
2101,GA,NM,753,28568.05
2102,GU,NM,1,2.09
2103,HI,NM,316,31512.35
2104,IA,NM,257,5515.89
2105,ID,NM,215,3109.73
2106,IL,NM,1996,91256.17
2107,IN,NM,439,7109.84
2108,KS,NM,388,6985.27
2109,KY,NM,295,9071.64
2110,LA,NM,246,9395.7
2111,MA,NM,3265,187774.98
2112,MB,NM,2,10.0
2113,MD,NM,1880,185964.5
2114,ME,NM,448,10515.85
2115,MI,NM,1179,25149.7
2116,MN,NM,1141,23956.48
2117,MO,NM,632,21336.6
2118,MP,NM,1,10.0
2119,MS,NM,48,2890.44
2120,MT,NM,269,4861.28
2121,NC,NM,1042,19700.75
2122,ND,NM,59,1258.61
2123,NE,NM,118,3548.16
2124,NH,NM,401,5512.24
2125,NJ,NM,1342,43931.78
2126,NM,NM,58464,2709064.9
2127,NS,NM,3,35.5
2128,NV,NM,402,24300.06
2129,NY,NM,5640,443532.29
2130,OH,NM,888,20157.49
2131,OK,NM,333,15448.83
2132,ON,NM,16,682.23
2133,OR,NM,2337,56185.47
2134,PA,NM,1672,37870.99
2135,PR,NM,56,867.5
2136,QC,NM,6,303.22
2137,RI,NM,278,8686.53
2138,SC,NM,280,6598.53
2139,SD,NM,75,5910.23
2140,SH,NM,1,25.0
2141,SK,NM,1,25.0
2142,TN,NM,399,13093.15
2143,TX,NM,2634,174201.62
2144,UT,NM,447,21814.8
2145,VA,NM,1696,133533.14
2146,VI,NM,10,460.0
2147,VT,NM,343,8539.88
2148,WA,NM,2780,76817.77
2149,WI,NM,636,12951.89
2150,WV,NM,137,3157.41
2151,WY,NM,230,16411.96
2152,ZZ,NM,179,15122.77
2153,,NM,1,100.0
2154,AA,NV,18,825.11
2155,AB,NV,15,134.57
2156,AE,NV,72,1908.19
2157,AK,NV,789,16168.57
2158,AL,NV,796,15666.02
2159,AP,NV,54,708.54
2160,AR,NV,704,22661.27
2161,AS,NV,7,52.49
2162,AZ,NV,4954,121593.05
2163,BC,NV,82,1540.56
2164,CA,NV,62537,3121854.33
2165,CO,NV,6298,165349.33
2166,CT,NV,4468,209565.12
2167,DC,NV,3306,468501.97
2168,DE,NV,761,13805.87
2169,FL,NV,9738,275855.73
2170,GA,NV,3194,103084.36
2171,GU,NV,14,144.28
2172,HE,NV,1,5.0
2173,HI,NV,1758,60306.31
2174,IA,NV,1063,15681.01
2175,ID,NV,1115,20037.74
2176,IL,NV,9174,400575.29
2177,IN,NV,1703,32058.75
2178,KS,NV,1074,18772.56
2179,KY,NV,1136,16771.52
2180,LA,NV,1034,24261.66
2181,MA,NV,14683,770665.16
2182,MB,NV,7,26.27
2183,MD,NV,7260,408207.92
2184,ME,NV,1360,27133.67
2185,MI,NV,5062,88240.03
2186,MN,NV,3772,74176.97
2187,MO,NV,2472,46356.14
2188,MP,NV,7,77.5
2189,MS,NV,277,13217.24
2190,MT,NV,593,13945.42
2191,NB,NV,1,5.0
2192,NC,NV,3922,77384.04
2193,ND,NV,165,1754.58
2194,NE,NV,612,12320.49
2195,NH,NV,1478,28944.57
2196,NJ,NV,6708,223486.94
2197,NL,NV,1,14.29
2198,NM,NV,3262,107604.82
2199,NS,NV,10,316.0
2200,NT,NV,3,22.5
2201,NV,NV,28936,2210865.65
2202,NY,NV,27318,1634512.55
2203,OH,NV,3699,79888.44
2204,OK,NV,943,18254.95
2205,ON,NV,60,701.61
2206,OR,NV,10001,185789.09
2207,PA,NV,7425,170599.96
2208,PR,NV,55,638.13
2209,QC,NV,7,24.85
2210,RI,NV,904,34779.22
2211,SC,NV,1189,22129.5
2212,SD,NV,238,4138.53
2213,SK,NV,1,27.0
2214,TN,NV,2027,64654.63
2215,TX,NV,9676,295345.15
2216,UT,NV,1469,53545.44
2217,VA,NV,6204,241393.07
2218,VI,NV,23,701.25
2219,VT,NV,1308,33903.86
2220,WA,NV,12914,421750.63
2221,WI,NV,2497,39012.13
2222,WV,NV,864,5749.14
2223,WY,NV,313,41169.79
2224,YT,NV,1,15.0
2225,ZZ,NV,568,22451.65
2226,,NV,11,405.55
2227,AA,NY,42,1446.64
2228,AB,NY,8,132.0
2229,AE,NY,104,3681.55
2230,AK,NY,1109,21994.23
2231,AL,NY,1733,31172.8
2232,AP,NY,71,1120.98
2233,AR,NY,1269,32131.24
2234,AS,NY,17,279.0
2235,AZ,NY,8368,165340.49
2236,BC,NY,75,925.1
2237,CA,NY,76296,4009559.82
2238,CO,NY,9373,239661.19
2239,CT,NY,10038,618429.59
2240,DC,NY,5676,656338.6
2241,DE,NY,1223,27033.55
2242,FL,NY,20138,684661.98
2243,GA,NY,6048,182194.3
2244,GU,NY,47,753.96
2245,HI,NY,1805,50889.04
2246,IA,NY,2055,43119.71
2247,ID,NY,1362,20781.75
2248,IL,NY,14818,712160.48
2249,IN,NY,4053,271864.49
2250,KS,NY,2117,34130.14
2251,KY,NY,2219,45492.2
2252,LA,NY,1914,74502.45
2253,MA,NY,22907,1167168.05
2254,MB,NY,4,10.71
2255,MD,NY,11482,472875.11
2256,ME,NY,2669,62407.26
2257,MI,NY,9434,152025.64
2258,MN,NY,5710,101258.49
2259,MO,NY,4218,89227.02
2260,MP,NY,6,118.34
2261,MS,NY,524,12437.22
2262,MT,NY,1141,34177.34
2263,NC,NY,9193,249098.44
2264,ND,NY,293,5255.59
2265,NE,NY,1208,28133.57
2266,NH,NY,2659,63609.62
2267,NJ,NY,16894,858539.12
2268,NL,NY,2,16.11
2269,NM,NY,3849,65900.96
2270,NS,NY,5,43.0
2271,NV,NY,2777,62659.45
2272,NY,NY,254181,18854098.1
2273,OH,NY,7931,157361.92
2274,OK,NY,2048,43009.26
2275,ON,NY,80,1892.83
2276,OR,NY,10350,155460.46
2277,PA,NY,15049,382274.18
2278,PR,NY,134,15253.63
2279,QC,NY,34,388.46
2280,RI,NY,1682,45052.1
2281,SC,NY,3082,81249.59
2282,SD,NY,532,10651.08
2283,TN,NY,4263,138248.44
2284,TX,NY,17648,563420.46
2285,UT,NY,2106,58512.86
2286,VA,NY,11942,451868.32
2287,VI,NY,98,2983.67
2288,VT,NY,2710,75695.91
2289,WA,NY,16449,390241.51
2290,WI,NY,4804,85551.71
2291,WV,NY,1071,18516.98
2292,WY,NY,458,12135.65
2293,ZZ,NY,1070,120704.04
2294,,NY,16,888.55
2295,AA,OH,29,576.58
2296,AB,OH,12,118.5
2297,AE,OH,101,2461.6
2298,AK,OH,1181,20576.03
2299,AL,OH,2071,30251.86
2300,AP,OH,44,468.15
2301,AR,OH,1570,28823.83
2302,AS,OH,2,28.5
2303,AZ,OH,9725,133665.99
2304,BC,OH,138,2384.03
2305,CA,OH,110712,3195407.79
2306,CO,OH,11452,222927.87
2307,CT,OH,8912,259942.04
2308,DC,OH,6014,465889.36
2309,DE,OH,1752,23907.08
2310,FL,OH,23318,503472.35
2311,GA,OH,7272,113091.93
2312,GU,OH,20,330.09
2313,HI,OH,2822,48512.82
2314,IA,OH,2692,34938.06
2315,ID,OH,1448,22662.82
2316,IL,OH,20451,474001.29
2317,IN,OH,4918,75165.96
2318,KS,OH,1888,27312.13
2319,KY,OH,3253,74382.31
2320,LA,OH,2480,57549.67
2321,MA,OH,27640,857991.07
2322,MB,OH,27,125.0
2323,MD,OH,13406,547686.28
2324,ME,OH,2841,50044.3
2325,MI,OH,11247,177577.56
2326,MN,OH,7702,106381.07
2327,MO,OH,4935,70554.37
2328,MS,OH,618,11027.3
2329,MT,OH,1179,19911.22
2330,NB,OH,3,17.5
2331,NC,OH,9272,150249.68
2332,ND,OH,263,4978.79
2333,NE,OH,1159,23290.9
2334,NH,OH,2329,45472.14
2335,NJ,OH,15338,280944.99
2336,NL,OH,1,25.0
2337,NM,OH,5645,98860.47
2338,NS,OH,7,87.5
2339,NT,OH,8,119.0
2340,NV,OH,3339,76749.79
2341,NY,OH,55598,1961963.53
2342,OH,OH,154919,6669632.88
2343,OK,OH,1917,23297.87
2344,ON,OH,156,4346.75
2345,OR,OH,14550,212196.83
2346,PA,OH,18338,342679.5
2347,PR,OH,158,2136.2
2348,QC,OH,40,403.0
2349,RI,OH,2165,46367.63
2350,SC,OH,2912,58814.99
2351,SD,OH,474,7623.57
2352,SK,OH,3,61.0
2353,TN,OH,4435,75866.04
2354,TX,OH,20302,503472.84
2355,UT,OH,1843,46049.74
2356,VA,OH,12553,320319.99
2357,VI,OH,42,1394.84
2358,VT,OH,2287,41165.36
2359,WA,OH,20542,396210.84
2360,WI,OH,5855,75336.47
2361,WV,OH,1942,22640.52
2362,WY,OH,455,20871.37
2363,YT,OH,5,250.0
2364,ZZ,OH,942,24387.99
2365,,OH,25,2630.65
2366,AA,OK,1,2.5
2367,AE,OK,1,1.0
2368,AK,OK,11,18.03
2369,AL,OK,80,1575.58
2370,AP,OK,1,1.0
2371,AR,OK,27,703.43
2372,AZ,OK,72,661.46
2373,BC,OK,9,27.56
2374,CA,OK,1902,47762.1
2375,CO,OK,174,3508.61
2376,CT,OK,129,4778.56
2377,DC,OK,196,5253.37
2378,DE,OK,9,9.19
2379,FL,OK,165,1367.35
2380,GA,OK,90,2663.3
2381,HI,OK,44,551.09
2382,IA,OK,33,287.53
2383,ID,OK,15,565.95
2384,IL,OK,323,1974.58
2385,IN,OK,62,2875.44
2386,KS,OK,29,126.72
2387,KY,OK,27,803.85
2388,LA,OK,32,359.23
2389,MA,OK,541,6895.9
2390,MD,OK,159,5909.29
2391,ME,OK,20,24.0
2392,MI,OK,115,379.28
2393,MN,OK,102,4570.22
2394,MO,OK,58,1439.77
2395,MS,OK,5,54.0
2396,MT,OK,5,54.0
2397,NC,OK,150,1839.77
2398,ND,OK,1,1.0
2399,NE,OK,6,158.0
2400,NH,OK,19,27.56
2401,NJ,OK,170,539.3
2402,NM,OK,38,1077.67
2403,NV,OK,16,30.94
2404,NY,OK,871,11098.11
2405,OH,OK,96,769.3
2406,OK,OK,3997,416596.88
2407,ON,OK,8,8.0
2408,OR,OK,203,946.33
2409,PA,OK,305,2831.12
2410,QC,OK,7,7.0
2411,RI,OK,35,61.59
2412,SC,OK,24,2125.59
2413,SD,OK,2,1001.0
2414,TN,OK,39,686.94
2415,TX,OK,285,6781.63
2416,UT,OK,31,77.1
2417,VA,OK,327,3817.3
2418,VT,OK,23,241.99
2419,WA,OK,485,5495.2
2420,WI,OK,45,147.45
2421,WV,OK,9,9.0
2422,WY,OK,7,8.22
2423,ZZ,OK,28,530.62
2424,AA,OR,5,105.0
2425,AB,OR,3,15.0
2426,AE,OR,17,324.66
2427,AK,OR,480,8340.98
2428,AL,OR,355,5404.07
2429,AP,OR,20,191.0
2430,AR,OR,262,2812.78
2431,AS,OR,9,125.0
2432,AZ,OR,2137,25095.75
2433,BC,OR,37,313.5
2434,CA,OR,22079,335542.14
2435,CO,OR,2734,38303.14
2436,CT,OR,1774,23961.27
2437,DC,OR,788,62566.97
2438,DE,OR,206,2772.25
2439,FL,OR,3602,62678.48
2440,GA,OR,1155,14259.26
2441,GU,OR,2,26.0
2442,HI,OR,646,9684.21
2443,IA,OR,593,9075.66
2444,ID,OR,696,8059.32
2445,IL,OR,2874,47006.75
2446,IN,OR,717,12738.03
2447,KS,OR,506,8491.57
2448,KY,OR,463,4674.96
2449,LA,OR,401,4603.53
2450,MA,OR,5376,83865.88
2451,MD,OR,2211,58008.0
2452,ME,OR,714,11425.12
2453,MI,OR,2103,24943.05
2454,MN,OR,1078,14035.75
2455,MO,OR,1078,16659.65
2456,MS,OR,72,774.0
2457,MT,OR,434,5655.02
2458,NC,OR,1753,18467.41
2459,ND,OR,97,817.86
2460,NE,OR,282,3040.21
2461,NH,OR,455,7038.31
2462,NJ,OR,2307,23947.78
2463,NL,OR,1,250.0
2464,NM,OR,1298,19303.44
2465,NS,OR,2,20.0
2466,NV,OR,808,16802.2
2467,NY,OR,9092,168943.76
2468,OH,OR,1457,14049.41
2469,OK,OR,660,7706.46
2470,ON,OR,9,49.0
2471,OR,OR,114163,2193648.39
2472,PA,OR,3201,36383.02
2473,PR,OR,54,335.0
2474,QC,OR,3,7.0
2475,RI,OR,318,3937.2
2476,SC,OR,391,5348.57
2477,SD,OR,117,1383.39
2478,TN,OR,688,6487.27
2479,TX,OR,3342,42717.42
2480,UT,OR,666,8751.61
2481,VA,OR,1973,45803.59
2482,VI,OR,9,108.5
2483,VT,OR,554,8851.18
2484,WA,OR,10562,151120.73
2485,WI,OR,1049,14501.94
2486,WV,OR,219,2280.19
2487,WY,OR,86,1214.34
2488,ZZ,OR,109,1822.51
2489,,OR,3,29.0
2490,AA,PA,50,1512.81
2491,AB,PA,21,292.0
2492,AE,PA,314,16789.28
2493,AK,PA,931,23102.87
2494,AL,PA,1322,33270.93
2495,AP,PA,60,9948.41
2496,AR,PA,891,17229.94
2497,AS,PA,8,105.17
2498,AZ,PA,5218,94554.13
2499,BC,PA,106,3717.45
2500,CA,PA,67274,2825365.57
2501,CO,PA,7698,191610.79
2502,CT,PA,6103,232499.01
2503,DC,PA,6638,769573.55
2504,DE,PA,1739,71842.48
2505,FL,PA,13559,469992.22
2506,GA,PA,4683,156111.34
2507,GU,PA,13,133.72
2508,HE,PA,1,4.0
2509,HI,PA,1561,27504.2
2510,IA,PA,1575,22921.75
2511,ID,PA,1109,24661.85
2512,IL,PA,12291,464442.39
2513,IN,PA,2527,58344.83
2514,KS,PA,1286,24636.54
2515,KY,PA,1592,35986.47
2516,LA,PA,1417,53793.5
2517,MA,PA,20155,841889.06
2518,MB,PA,7,32.7
2519,MD,PA,12649,727901.18
2520,ME,PA,2289,52215.86
2521,MI,PA,6995,121992.97
2522,MN,PA,4930,109237.78
2523,MO,PA,2923,62084.08
2524,MP,PA,15,460.0
2525,MS,PA,420,18265.37
2526,MT,PA,810,15409.84
2527,NC,PA,6373,149141.75
2528,ND,PA,163,4509.4
2529,NE,PA,690,10627.3
2530,NH,PA,1910,67718.43
2531,NJ,PA,11670,495252.87
2532,NL,PA,1,50.0
2533,NM,PA,3185,59945.34
2534,NS,PA,9,108.5
2535,NT,PA,1,7.5
2536,NV,PA,2287,54134.01
2537,NY,PA,39731,2157262.61
2538,OH,PA,6326,150389.27
2539,OK,PA,1070,18758.19
2540,OM,PA,1,15.0
2541,ON,PA,99,1816.56
2542,OR,PA,10217,197512.85
2543,PA,PA,149550,9325733.62
2544,PR,PA,93,2381.71
2545,QC,PA,21,971.19
2546,RI,PA,1431,46904.32
2547,SC,PA,2008,47673.81
2548,SD,PA,377,9257.28
2549,TN,PA,2735,83499.83
2550,TX,PA,12417,380465.71
2551,UT,PA,1341,36492.66
2552,VA,PA,10647,480279.29
2553,VI,PA,24,972.5
2554,VT,PA,1891,40750.32
2555,WA,PA,14486,397067.71
2556,WI,PA,3579,67749.8
2557,WV,PA,1267,20770.21
2558,WY,PA,346,11670.19
2559,YT,PA,2,225.0
2560,ZZ,PA,831,49149.9
2561,,PA,5,36.55
2562,AA,RI,5,226.66
2563,AE,RI,6,57.0
2564,AK,RI,42,514.55
2565,AL,RI,88,1984.88
2566,AP,RI,2,8.0
2567,AR,RI,38,737.66
2568,AZ,RI,368,6487.67
2569,BC,RI,4,23.0
2570,CA,RI,3746,264088.77
2571,CO,RI,693,14080.64
2572,CT,RI,733,83487.43
2573,DC,RI,422,146494.04
2574,DE,RI,75,1251.83
2575,FL,RI,1075,78572.04
2576,GA,RI,289,4579.7
2577,GU,RI,1,5.0
2578,HI,RI,142,3200.08
2579,IA,RI,67,954.07
2580,ID,RI,110,1596.6
2581,IL,RI,759,51410.8
2582,IN,RI,178,1438.16
2583,KS,RI,70,726.67
2584,KY,RI,103,1067.33
2585,LA,RI,120,6329.88
2586,MA,RI,1828,168654.27
2587,MD,RI,644,93011.02
2588,ME,RI,251,7283.19
2589,MI,RI,512,6510.66
2590,MN,RI,483,13477.82
2591,MO,RI,310,3003.85
2592,MS,RI,19,1266.0
2593,MT,RI,61,970.74
2594,NC,RI,390,10055.06
2595,ND,RI,15,138.0
2596,NE,RI,61,325.47
2597,NH,RI,226,6967.01
2598,NJ,RI,685,21144.62
2599,NM,RI,372,7974.38
2600,NS,RI,1,5.0
2601,NV,RI,150,1626.88
2602,NY,RI,3212,226320.05
2603,OH,RI,366,4867.75
2604,OK,RI,95,1010.83
2605,ON,RI,1,10.0
2606,OR,RI,1150,13472.85
2607,PA,RI,914,20448.9
2608,PR,RI,6,50.0
2609,QC,RI,4,10.0
2610,RI,RI,8483,717222.57
2611,SC,RI,123,18395.34
2612,SD,RI,35,248.55
2613,TN,RI,187,14990.62
2614,TX,RI,851,47972.93
2615,UT,RI,67,3787.01
2616,VA,RI,758,79029.9
2617,VI,RI,5,75.0
2618,VT,RI,171,10187.94
2619,WA,RI,1067,16147.93
2620,WI,RI,364,4913.13
2621,WV,RI,131,906.07
2622,WY,RI,36,401.33
2623,ZZ,RI,43,8439.84
2624,AA,SC,1,100.0
2625,AB,SC,2,40.0
2626,AE,SC,18,1467.2
2627,AK,SC,98,1620.53
2628,AL,SC,232,2913.99
2629,AP,SC,23,595.0
2630,AR,SC,76,1115.36
2631,AZ,SC,566,10688.8
2632,BC,SC,10,36.0
2633,CA,SC,6400,204687.61
2634,CO,SC,652,17093.62
2635,CT,SC,620,16356.51
2636,DC,SC,835,83326.49
2637,DE,SC,170,3506.48
2638,FL,SC,1625,54417.69
2639,GA,SC,952,35796.44
2640,HI,SC,245,9073.3
2641,IA,SC,167,1876.02
2642,ID,SC,128,1700.55
2643,IL,SC,1309,37372.68
2644,IN,SC,251,3581.43
2645,KS,SC,165,2991.95
2646,KY,SC,448,36193.0
2647,LA,SC,166,3474.43
2648,MA,SC,2214,73625.61
2649,MB,SC,1,2.5
2650,MD,SC,1281,60291.95
2651,ME,SC,163,3126.5
2652,MI,SC,736,13584.31
2653,MN,SC,503,7461.41
2654,MO,SC,400,14176.85
2655,MS,SC,71,1241.5
2656,MT,SC,69,1922.5
2657,NC,SC,1311,54525.61
2658,ND,SC,39,507.0
2659,NE,SC,75,586.5
2660,NH,SC,150,3641.01
2661,NJ,SC,1085,31741.97
2662,NM,SC,379,15808.31
2663,NV,SC,237,3059.38
2664,NY,SC,4472,183732.54
2665,OH,SC,673,12181.72
2666,OK,SC,150,3028.75
2667,ON,SC,12,122.0
2668,OR,SC,1095,17189.14
2669,PA,SC,1307,26507.83
2670,PR,SC,6,315.0
2671,QC,SC,5,5.0
2672,RI,SC,149,2838.31
2673,SC,SC,20221,1301360.87
2674,SD,SC,30,1777.5
2675,SK,SC,3,30.0
2676,TN,SC,387,19831.55
2677,TX,SC,1597,50970.11
2678,UT,SC,162,4054.36
2679,VA,SC,1324,58353.9
2680,VI,SC,8,440.0
2681,VT,SC,165,3341.94
2682,WA,SC,1536,48350.39
2683,WI,SC,316,6495.27
2684,WV,SC,96,1222.74
2685,WY,SC,30,1808.5
2686,ZZ,SC,111,22133.32
2687,,SC,2,30.0
2688,AK,SD,2,2.21
2689,AL,SD,4,7.85
2690,AP,SD,1,1500.0
2691,AR,SD,1,1.0
2692,AZ,SD,16,298.58
2693,BC,SD,2,2.0
2694,CA,SD,330,605.49
2695,CO,SD,22,25.7
2696,CT,SD,31,113.61
2697,DC,SD,32,833.4
2698,DE,SD,1,1.0
2699,FL,SD,20,74.44
2700,GA,SD,14,14.63
2701,HI,SD,4,4.41
2702,IA,SD,4,4.41
2703,ID,SD,2,2.0
2704,IL,SD,61,64.08
2705,IN,SD,13,13.0
2706,KS,SD,2,2.0
2707,KY,SD,9,9.0
2708,LA,SD,5,8.83
2709,MA,SD,94,363.4
2710,MD,SD,33,107.05
2711,ME,SD,6,6.0
2712,MI,SD,34,35.96
2713,MN,SD,23,179.79
2714,MO,SD,8,257.21
2715,MS,SD,2,2.0
2716,MT,SD,1,1.0
2717,NC,SD,27,36.98
2718,ND,SD,1,10.0
2719,NE,SD,4,52.0
2720,NH,SD,2,2.0
2721,NJ,SD,37,37.64
2722,NM,SD,6,6.26
2723,NV,SD,3,3.0
2724,NY,SD,186,390.15
2725,OH,SD,24,123.22
2726,ON,SD,1,1.0
2727,OR,SD,33,141.67
2728,PA,SD,47,52.95
2729,RI,SD,6,7.41
2730,SC,SD,6,55.0
2731,SD,SD,225,13801.0
2732,TN,SD,5,5.0
2733,TX,SD,69,506.54
2734,UT,SD,6,6.21
2735,VA,SD,57,81.46
2736,VT,SD,6,6.0
2737,WA,SD,81,147.2
2738,WI,SD,9,10.61
2739,WV,SD,4,4.0
2740,WY,SD,1,1.0
2741,ZZ,SD,3,3.0
2742,AA,TN,5,31.6
2743,AB,TN,2,75.0
2744,AE,TN,19,747.5
2745,AK,TN,49,2255.76
2746,AL,TN,575,13082.59
2747,AP,TN,6,1055.55
2748,AR,TN,78,1698.74
2749,AZ,TN,356,18021.57
2750,BC,TN,24,446.42
2751,CA,TN,7916,526600.57
2752,CO,TN,647,21620.78
2753,CT,TN,517,24810.89
2754,DC,TN,950,98787.05
2755,DE,TN,80,978.25
2756,FL,TN,1063,55285.83
2757,GA,TN,627,25341.74
2758,GU,TN,1,25.0
2759,HI,TN,114,5928.23
2760,IA,TN,134,1446.62
2761,ID,TN,69,4102.71
2762,IL,TN,1462,66349.81
2763,IN,TN,263,6016.64
2764,KS,TN,101,873.37
2765,KY,TN,211,5963.71
2766,LA,TN,148,8667.68
2767,MA,TN,2147,140980.15
2768,MD,TN,1124,75462.7
2769,ME,TN,95,4798.15
2770,MI,TN,496,11819.48
2771,MN,TN,495,10251.99
2772,MO,TN,278,3011.67
2773,MS,TN,104,6126.01
2774,MT,TN,47,3376.29
2775,NC,TN,655,23390.6
2776,ND,TN,11,98.39
2777,NE,TN,55,705.43
2778,NH,TN,128,3589.48
2779,NJ,TN,902,28693.07
2780,NL,TN,1,14.29
2781,NM,TN,223,5492.83
2782,NV,TN,153,7125.73
2783,NY,TN,4214,356163.71
2784,OH,TN,481,10323.51
2785,OK,TN,101,1923.37
2786,ON,TN,15,806.0
2787,OR,TN,1047,21420.16
2788,PA,TN,1140,30051.04
2789,PR,TN,10,211.87
2790,QC,TN,11,11.0
2791,RI,TN,178,4142.69
2792,SC,TN,210,11930.09
2793,SD,TN,36,2852.17
2794,TN,TN,37848,2230697.08
2795,TX,TN,1098,47318.2
2796,UT,TN,137,7066.28
2797,VA,TN,1429,68555.43
2798,VI,TN,1,12.5
2799,VT,TN,125,3669.52
2800,WA,TN,1527,53990.35
2801,WI,TN,232,4246.55
2802,WV,TN,64,813.94
2803,WY,TN,22,796.5
2804,ZZ,TN,91,3616.95
2805,AA,TX,119,3810.71
2806,AB,TX,39,822.0
2807,AE,TX,528,29578.12
2808,AK,TX,2223,67951.93
2809,AL,TX,3778,90443.76
2810,AP,TX,281,11054.16
2811,AR,TX,2973,76490.98
2812,AS,TX,14,463.0
2813,AZ,TX,15058,345187.65
2814,BC,TX,199,4405.8
2815,CA,TX,204623,8618326.91
2816,CO,TX,22889,681070.57
2817,CT,TX,13585,487136.93
2818,DC,TX,17009,1298597.84
2819,DE,TX,2347,46792.74
2820,FL,TX,34785,1078319.08
2821,GA,TX,12495,319221.25
2822,GU,TX,46,706.17
2823,HE,TX,1,3.0
2824,HI,TX,4152,120377.95
2825,IA,TX,4002,69973.86
2826,ID,TX,2431,55859.76
2827,IL,TX,35727,1107388.78
2828,IN,TX,6868,153172.67
2829,KS,TX,3874,79715.56
2830,KY,TX,4445,113656.66
2831,LA,TX,5666,196628.74
2832,MA,TX,48139,2074160.16
2833,MB,TX,8,38.23
2834,MD,TX,24103,1000805.33
2835,ME,TX,4646,104145.35
2836,MI,TX,15111,308594.34
2837,MN,TX,12910,310361.18
2838,MO,TX,8776,189397.81
2839,MP,TX,17,247.49
2840,MS,TX,1362,41379.84
2841,MT,TX,1878,54715.59
2842,NB,TX,2,15.0
2843,NC,TX,16895,420916.24
2844,ND,TX,500,10033.24
2845,NE,TX,2160,53489.23
2846,NH,TX,4314,108209.0
2847,NJ,TX,23343,678306.83
2848,NL,TX,4,28.34
2849,NM,TX,12006,367122.42
2850,NS,TX,16,488.84
2851,NT,TX,1,25.0
2852,NV,TX,5246,148866.4
2853,NY,TX,94435,4473915.27
2854,OH,TX,13996,281657.81
2855,OK,TX,4788,142579.98
2856,OM,TX,8,9.52
2857,ON,TX,241,3726.39
2858,OR,TX,27468,635069.2
2859,PA,TX,25800,645732.55
2860,PE,TX,1,50.0
2861,PR,TX,254,10120.59
2862,QC,TX,75,1401.46
2863,RI,TX,3484,120454.35
2864,SC,TX,4691,125652.42
2865,SD,TX,863,22401.83
2866,SK,TX,4,85.0
2867,TN,TX,8650,238525.5
2868,TX,TX,672202,34639923.2
2869,UK,TX,1,10.0
2870,UT,TX,4313,118428.7
2871,VA,TX,26000,966804.99
2872,VI,TX,89,3028.17
2873,VR,TX,1,50.0
2874,VT,TX,4304,118299.26
2875,WA,TX,43225,1411487.61
2876,WI,TX,8437,176633.15
2877,WV,TX,1720,38652.5
2878,WY,TX,904,40021.75
2879,YT,TX,4,140.0
2880,ZH,TX,1,100.0
2881,ZZ,TX,2476,107428.57
2882,,TX,43,945.98
2883,AL,US,1,25.0
2884,AZ,US,13,310.0
2885,CA,US,100,71652.0
2886,CO,US,5,2820.0
2887,CT,US,7,6212.43
2888,DC,US,128,89795.4
2889,FL,US,24,18998.4
2890,GA,US,2,1020.2
2891,IA,US,41,780.0
2892,ID,US,21,20460.0
2893,IL,US,22,642.6
2894,IN,US,3,25.0
2895,KS,US,3,15.0
2896,KY,US,3,2728.0
2897,MA,US,29,11377.0
2898,MD,US,907,165091.2
2899,ME,US,7,110.0
2900,MI,US,3,30.0
2901,MN,US,2,10.0
2902,MO,US,14,2613.6
2903,MT,US,2,110.0
2904,NC,US,17,9527.0
2905,NE,US,1,15.0
2906,NH,US,20,3780.0
2907,NJ,US,13,1730.0
2908,NM,US,2,6.0
2909,NV,US,2,2003.0
2910,NY,US,44,7930.0
2911,OH,US,1,5.0
2912,OR,US,4,110.0
2913,PA,US,20,3501.0
2914,RI,US,1,25.0
2915,SC,US,4,1030.0
2916,TN,US,6,80.0
2917,TX,US,21,225.0
2918,UT,US,4,45.0
2919,VA,US,66,21082.8
2920,VT,US,12,110.0
2921,WA,US,20,5772.77
2922,WI,US,7,57.31
2923,AA,UT,3,15.0
2924,AE,UT,10,478.88
2925,AK,UT,39,1521.94
2926,AL,UT,115,1517.58
2927,AP,UT,2,2.0
2928,AR,UT,48,1109.43
2929,AS,UT,2,200.0
2930,AZ,UT,318,6852.75
2931,BC,UT,11,98.0
2932,CA,UT,5197,156128.34
2933,CO,UT,590,9210.81
2934,CT,UT,290,9026.24
2935,DC,UT,466,22082.56
2936,DE,UT,50,381.33
2937,FL,UT,683,26940.57
2938,GA,UT,273,4022.94
2939,HI,UT,74,2174.4
2940,IA,UT,67,675.28
2941,ID,UT,139,2854.46
2942,IL,UT,811,13702.3
2943,IN,UT,142,3278.54
2944,KS,UT,85,896.34
2945,KY,UT,90,1406.72
2946,LA,UT,88,1844.8
2947,MA,UT,1201,26746.34
2948,MB,UT,1,500.0
2949,MD,UT,615,29638.65
2950,ME,UT,79,1321.02
2951,MI,UT,369,8131.2
2952,MN,UT,346,7238.4
2953,MO,UT,176,2695.71
2954,MS,UT,19,331.0
2955,MT,UT,48,3780.56
2956,NC,UT,337,5010.01
2957,ND,UT,102,12068.0
2958,NE,UT,35,616.8
2959,NH,UT,84,1259.08
2960,NJ,UT,467,10303.7
2961,NM,UT,168,2731.88
2962,NV,UT,169,5578.79
2963,NY,UT,2119,74779.27
2964,OH,UT,289,5603.07
2965,OK,UT,61,599.48
2966,OM,UT,1,20.0
2967,ON,UT,11,472.0
2968,OR,UT,634,11144.87
2969,PA,UT,602,8091.9
2970,PR,UT,5,230.0
2971,QC,UT,8,42.0
2972,RI,UT,72,2187.46
2973,SC,UT,75,1466.16
2974,SD,UT,26,775.0
2975,TN,UT,179,3701.2
2976,TX,UT,910,22068.32
2977,UT,UT,18705,1282907.18
2978,VA,UT,547,12524.16
2979,VT,UT,107,2402.61
2980,WA,UT,1192,26774.72
2981,WI,UT,197,3227.32
2982,WV,UT,28,1262.78
2983,WY,UT,75,12430.0
2984,ZZ,UT,50,1025.17
2985,,UT,1,50.0
2986,AA,VA,23,2725.1
2987,AB,VA,2,41.0
2988,AE,VA,278,26850.99
2989,AK,VA,302,8604.31
2990,AL,VA,882,23423.55
2991,AP,VA,39,1491.27
2992,AR,VA,341,7256.75
2993,AS,VA,2,4.0
2994,AZ,VA,1751,58120.44
2995,BC,VA,52,3457.75
2996,CA,VA,29889,2286075.66
2997,CO,VA,2809,136357.86
2998,CT,VA,2200,205888.66
2999,DC,VA,8467,1332918.26
3000,DE,VA,477,14674.97
3001,FL,VA,4678,278875.62
3002,GA,VA,1981,113930.35
3003,GU,VA,28,4488.72
3004,HI,VA,488,37048.0
3005,IA,VA,559,19586.91
3006,ID,VA,334,5389.66
3007,IL,VA,6540,310881.64
3008,IN,VA,921,40632.2
3009,KS,VA,498,12994.99
3010,KY,VA,579,32019.37
3011,LA,VA,548,54519.96
3012,MA,VA,8417,680429.55
3013,MB,VA,9,53.0
3014,MD,VA,7745,888618.79
3015,ME,VA,753,23301.86
3016,MI,VA,2194,39883.0
3017,MN,VA,1979,59717.66
3018,MO,VA,1293,48983.89
3019,MP,VA,1,5.0
3020,MS,VA,122,5237.91
3021,MT,VA,224,10666.84
3022,NC,VA,2777,93432.09
3023,ND,VA,56,1023.32
3024,NE,VA,274,13912.58
3025,NH,VA,575,21825.43
3026,NJ,VA,3608,190429.24
3027,NM,VA,1001,43050.48
3028,NS,VA,3,19.42
3029,NV,VA,764,40185.69
3030,NY,VA,15958,1286513.41
3031,OH,VA,2110,52275.59
3032,OK,VA,406,25617.95
3033,ON,VA,39,388.91
3034,OR,VA,3671,66705.95
3035,PA,VA,4167,163080.76
3036,PR,VA,18,1258.0
3037,QC,VA,18,274.0
3038,RI,VA,543,29947.79
3039,SC,VA,617,33231.2
3040,SD,VA,100,4132.1
3041,TN,VA,1071,36563.4
3042,TX,VA,5778,539535.32
3043,UT,VA,467,13427.51
3044,VA,VA,128791,8868954.94
3045,VD,VA,1,50.0
3046,VI,VA,51,19805.0
3047,VT,VA,676,21784.08
3048,WA,VA,5766,209826.11
3049,WI,VA,1285,20848.4
3050,WV,VA,322,11987.41
3051,WY,VA,161,15344.81
3052,ZZ,VA,329,30368.47
3053,,VA,7,1032.62
3054,CT,VI,1,1000.0
3055,DC,VI,9,6400.0
3056,FL,VI,1,25.0
3057,GA,VI,2,1100.0
3058,MD,VI,4,1125.0
3059,NC,VI,1,250.0
3060,NJ,VI,2,1250.0
3061,NY,VI,19,9905.0
3062,PR,VI,1,500.0
3063,VI,VI,17,15850.0
3064,ZZ,VI,1,500.0
3065,AA,VT,42,1335.0
3066,AB,VT,18,568.0
3067,AE,VT,177,3987.5
3068,AK,VT,1355,32324.68
3069,AL,VT,1173,22927.32
3070,AP,VT,52,1545.33
3071,AR,VT,1160,19648.65
3072,AS,VT,20,326.16
3073,AZ,VT,7922,156704.92
3074,BC,VT,100,2935.25
3075,BW,VT,1,35.0
3076,CA,VT,70594,1617990.7
3077,CO,VT,10279,208272.91
3078,CT,VT,5750,113914.27
3079,DC,VT,1562,44170.42
3080,DE,VT,815,14203.34
3081,FL,VT,17425,334920.76
3082,GA,VT,4045,79869.34
3083,GU,VT,15,301.08
3084,HH,VT,2,15.0
3085,HI,VT,2476,54988.1
3086,IA,VT,2722,51557.29
3087,ID,VT,1492,31008.37
3088,IL,VT,11927,248448.55
3089,IN,VT,3719,63133.17
3090,KS,VT,1967,35809.69
3091,KY,VT,1939,37194.0
3092,LA,VT,1432,25344.07
3093,MA,VT,17279,425384.47
3094,MB,VT,21,326.0
3095,MD,VT,6494,151133.87
3096,ME,VT,3697,79266.24
3097,MI,VT,8798,182192.46
3098,MN,VT,6641,138694.38
3099,MO,VT,3707,67159.34
3100,MP,VT,4,93.0
3101,MS,VT,474,9698.6
3102,MT,VT,1353,27626.14
3103,NB,VT,6,131.5
3104,NC,VT,7193,138247.96
3105,ND,VT,285,5142.41
3106,NE,VT,1126,19025.41
3107,NH,VT,3855,85723.44
3108,NJ,VT,8739,170992.36
3109,NL,VT,6,404.0
3110,NM,VT,4888,105153.8
3111,NS,VT,14,477.0
3112,NT,VT,3,160.0
3113,NV,VT,2639,50376.02
3114,NY,VT,30123,660446.05
3115,OH,VT,6047,108110.26
3116,OK,VT,1651,30466.08
3117,ON,VT,81,1942.0
3118,OR,VT,13064,274876.27
3119,PA,VT,10706,201878.04
3120,PE,VT,5,101.0
3121,PR,VT,272,5805.08
3122,QC,VT,20,841.0
3123,RI,VT,1700,38461.92
3124,SC,VT,2086,37177.5
3125,SD,VT,505,12897.42
3126,SK,VT,1,27.0
3127,TN,VT,3212,60359.9
3128,TX,VT,12307,247562.27
3129,UT,VT,2163,40548.55
3130,VA,VT,7036,163139.31
3131,VI,VT,68,2573.08
3132,VT,VT,7755,214103.76
3133,WA,VT,19431,440012.27
3134,WI,VT,5831,122251.53
3135,WV,VT,863,14786.82
3136,WY,VT,439,11693.55
3137,YT,VT,3,62.0
3138,ZZ,VT,1148,31819.25
3139,,VT,27,1581.0
3140,AA,WA,24,914.9
3141,AB,WA,3,3.0
3142,AE,WA,41,1560.35
3143,AK,WA,434,13608.5
3144,AL,WA,245,3721.0
3145,AP,WA,38,1311.33
3146,AR,WA,215,6228.7
3147,AS,WA,3,30.0
3148,AZ,WA,1359,20440.56
3149,BC,WA,46,1783.16
3150,CA,WA,21609,634221.48
3151,CO,WA,1811,65247.09
3152,CT,WA,1265,24929.32
3153,DC,WA,1505,252983.57
3154,DE,WA,145,6509.84
3155,FL,WA,2795,169279.95
3156,GA,WA,1145,46947.37
3157,GU,WA,5,5406.9
3158,HI,WA,579,18220.51
3159,IA,WA,404,4741.91
3160,ID,WA,684,21810.17
3161,IL,WA,3198,87804.13
3162,IN,WA,569,5594.53
3163,KS,WA,368,2364.43
3164,KY,WA,353,4712.44
3165,LA,WA,371,9959.69
3166,MA,WA,4854,100164.78
3167,MB,WA,3,12.41
3168,MD,WA,2323,123005.74
3169,ME,WA,451,6283.07
3170,MI,WA,1650,16552.82
3171,MN,WA,1323,16810.6
3172,MO,WA,731,14355.47
3173,MS,WA,66,1980.72
3174,MT,WA,249,3453.31
3175,NB,WA,2,50.0
3176,NC,WA,1502,33809.77
3177,ND,WA,49,341.1
3178,NE,WA,181,749.5
3179,NH,WA,444,4534.43
3180,NJ,WA,1957,43072.04
3181,NL,WA,1,1.11
3182,NM,WA,977,14660.82
3183,NS,WA,1,1.0
3184,NV,WA,583,8920.59
3185,NY,WA,9003,413073.47
3186,OH,WA,1441,22357.83
3187,OK,WA,294,2365.26
3188,ON,WA,29,217.07
3189,OR,WA,5859,194701.95
3190,PA,WA,2475,29892.11
3191,PR,WA,16,4319.55
3192,QC,WA,16,58.82
3193,RI,WA,344,5487.54
3194,SC,WA,366,7073.02
3195,SD,WA,82,2694.21
3196,SK,WA,2,20.0
3197,TN,WA,674,8984.03
3198,TX,WA,2881,57278.39
3199,UT,WA,377,5210.04
3200,VA,WA,2419,110683.57
3201,VD,WA,1,25.0
3202,VI,WA,11,5470.18
3203,VT,WA,597,8018.92
3204,WA,WA,111935,6552406.36
3205,WI,WA,1110,19971.93
3206,WV,WA,336,2984.01
3207,WY,WA,73,4226.32
3208,YT,WA,1,50.0
3209,ZZ,WA,297,10244.73
3210,AA,WI,52,1169.45
3211,AB,WI,23,404.0
3212,AE,WI,186,3659.8
3213,AK,WI,1560,26101.91
3214,AL,WI,2032,35626.74
3215,AP,WI,89,1740.57
3216,AR,WI,1498,23242.48
3217,AS,WI,4,41.17
3218,AZ,WI,8540,128521.09
3219,BC,WI,109,1195.39
3220,CA,WI,101670,2801166.4
3221,CO,WI,11586,286129.41
3222,CT,WI,7370,147303.93
3223,DC,WI,5432,434635.27
3224,DE,WI,1399,23842.53
3225,FL,WI,20149,398796.47
3226,GA,WI,6536,141047.17
3227,GU,WI,16,200.83
3228,HI,WI,2553,39586.0
3229,IA,WI,3217,53665.01
3230,ID,WI,1759,24447.64
3231,IL,WI,27818,770611.06
3232,IN,WI,4818,83884.46
3233,KS,WI,2390,37945.71
3234,KY,WI,2958,42728.79
3235,LA,WI,2067,31277.15
3236,MA,WI,25046,627549.9
3237,MB,WI,4,24.0
3238,MD,WI,11867,357107.14
3239,ME,WI,2805,42758.24
3240,MI,WI,11652,175261.23
3241,MN,WI,12824,301333.83
3242,MO,WI,5636,94466.43
3243,MP,WI,2,60.0
3244,MS,WI,590,12977.9
3245,MT,WI,1315,20074.23
3246,NC,WI,8682,153365.42
3247,ND,WI,456,6774.25
3248,NE,WI,1692,26311.0
3249,NH,WI,3018,41206.33
3250,NJ,WI,12911,232263.16
3251,NM,WI,5185,94894.59
3252,NS,WI,6,41.0
3253,NV,WI,3268,57194.22
3254,NY,WI,49227,1707413.72
3255,OH,WI,9692,145942.64
3256,OK,WI,2112,33095.89
3257,ON,WI,93,1965.56
3258,OR,WI,15121,227308.92
3259,PA,WI,15570,265828.7
3260,PR,WI,62,596.02
3261,QC,WI,32,290.0
3262,RI,WI,1872,34346.79
3263,SC,WI,2791,45571.15
3264,SD,WI,632,12392.08
3265,TN,WI,4823,91064.05
3266,TX,WI,20279,566080.07
3267,UT,WI,2019,32781.96
3268,VA,WI,11671,298318.72
3269,VI,WI,70,2078.83
3270,VT,WI,2556,52250.88
3271,WA,WI,24238,462182.12
3272,WI,WI,105379,4729835.44
3273,WV,WI,1605,21374.33
3274,WY,WI,566,9387.96
3275,YT,WI,3,120.0
3276,ZH,WI,5,60.5
3277,ZZ,WI,798,19620.08
3278,,WI,5,141.28
3279,AA,WV,16,83.51
3280,AB,WV,1,25.0
3281,AE,WV,18,794.07
3282,AK,WV,82,1551.42
3283,AL,WV,346,15706.57
3284,AP,WV,11,124.93
3285,AR,WV,137,4050.61
3286,AS,WV,1,10.0
3287,AZ,WV,569,44398.65
3288,BC,WV,5,7.71
3289,CA,WV,8756,1005293.67
3290,CO,WV,968,50345.61
3291,CT,WV,628,95250.44
3292,DC,WV,939,129184.62
3293,DE,WV,105,2729.71
3294,FL,WV,1483,95888.29
3295,GA,WV,702,62206.36
3296,GU,WV,2,2.97
3297,HI,WV,174,3410.46
3298,IA,WV,183,2864.27
3299,ID,WV,68,4470.65
3300,IL,WV,1666,159263.87
3301,IN,WV,365,6984.84
3302,KS,WV,159,8076.96
3303,KY,WV,358,12672.71
3304,LA,WV,202,9417.16
3305,MA,WV,2331,156688.71
3306,MB,WV,1,3.71
3307,MD,WV,1315,107891.03
3308,ME,WV,162,19010.3
3309,MI,WV,777,14691.0
3310,MN,WV,545,14619.53
3311,MO,WV,397,20328.87
3312,MS,WV,50,6348.78
3313,MT,WV,78,7175.27
3314,NC,WV,858,42363.16
3315,ND,WV,23,398.44
3316,NE,WV,97,10000.46
3317,NH,WV,203,8946.52
3318,NJ,WV,1156,111153.98
3319,NL,WV,1,1.11
3320,NM,WV,399,8571.17
3321,NV,WV,222,18180.48
3322,NY,WV,4740,750361.99
3323,OH,WV,894,30429.44
3324,OK,WV,143,2404.05
3325,ON,WV,27,283.52
3326,OR,WV,1208,23040.75
3327,PA,WV,1535,116451.23
3328,PR,WV,9,119.31
3329,QC,WV,9,13.97
3330,RI,WV,180,7464.03
3331,SC,WV,226,11480.44
3332,SD,WV,36,469.75
3333,TN,WV,378,18310.82
3334,TX,WV,1604,119548.37
3335,UT,WV,176,10183.52
3336,VA,WV,1520,88633.85
3337,VI,WV,13,2050.16
3338,VT,WV,169,5746.45
3339,WA,WV,1861,69636.33
3340,WI,WV,440,11153.34
3341,WV,WV,5949,399743.89
3342,WY,WV,18,3088.07
3343,ZH,WV,1,7.5
3344,ZZ,WV,124,8254.83
3345,,WV,1,5.0
3346,AK,WY,6,71.0
3347,AL,WY,3,18.0
3348,AR,WY,2,3.75
3349,AZ,WY,35,8550.22
3350,BC,WY,1,3.5
3351,CA,WY,431,36374.29
3352,CO,WY,85,5962.3
3353,CT,WY,25,12589.5
3354,DC,WY,36,6448.22
3355,DE,WY,8,34.43
3356,FL,WY,89,10467.5
3357,GA,WY,12,187.0
3358,HI,WY,10,51.5
3359,IA,WY,3,27.5
3360,ID,WY,21,787.12
3361,IL,WY,74,1230.32
3362,IN,WY,8,64.63
3363,KS,WY,12,56.79
3364,KY,WY,5,29.12
3365,LA,WY,7,265.0
3366,MA,WY,121,28301.82
3367,MD,WY,79,4054.87
3368,ME,WY,6,21.5
3369,MI,WY,53,1319.5
3370,MN,WY,40,9122.76
3371,MO,WY,13,1076.32
3372,MS,WY,1,4.0
3373,MT,WY,13,1832.87
3374,NC,WY,27,546.95
3375,ND,WY,1,50.0
3376,NE,WY,9,73.61
3377,NH,WY,12,295.01
3378,NJ,WY,39,2347.37
3379,NM,WY,13,197.13
3380,NV,WY,12,6660.0
3381,NY,WY,248,76196.57
3382,OH,WY,27,557.75
3383,OK,WY,13,62.0
3384,OR,WY,42,914.88
3385,PA,WY,44,3058.77
3386,RI,WY,6,273.0
3387,SC,WY,8,45.63
3388,SD,WY,9,55.0
3389,TN,WY,7,43.5
3390,TX,WY,62,3099.56
3391,UT,WY,20,5910.5
3392,VA,WY,43,2499.42
3393,VT,WY,5,109.5
3394,WA,WY,81,1541.97
3395,WI,WY,7,182.6
3396,WV,WY,6,168.0
3397,WY,WY,1707,188601.94
3398,ZZ,WY,5,5462.5
